,Stock_Name,Open,High,Low,Close,Adj Close,Volume,Date
0,ADTN,20.4,20.700001,20.4,20.549999,18.1926,249700.0,2017-07-10T00:00:00
1,ADTN,20.5,20.530001,20.25,20.4,18.059807,136300.0,2017-07-11T00:00:00
2,ADTN,20.549999,20.85,20.5,20.75,18.369659,215000.0,2017-07-12T00:00:00
3,ADTN,20.799999,20.799999,20.200001,20.25,17.927019,208500.0,2017-07-13T00:00:00
4,ADTN,20.299999,20.43,20.15,20.4,18.059807,149900.0,2017-07-14T00:00:00
5,ADTN,20.35,20.6,20.200001,20.5,18.148338,251200.0,2017-07-17T00:00:00
6,ADTN,20.5,20.6,20.049999,20.5,18.148338,580600.0,2017-07-18T00:00:00
7,ADTN,21.5,22.65,21.450001,22.0,19.476265,1353200.0,2017-07-19T00:00:00
8,ADTN,22.4,23.85,21.85,23.799999,21.069777,929000.0,2017-07-20T00:00:00
9,ADTN,23.85,23.9,23.299999,23.299999,20.627132,456100.0,2017-07-21T00:00:00
10,ADTN,23.25,23.700001,23.25,23.6,20.892723,451000.0,2017-07-24T00:00:00
11,ADTN,23.75,24.049999,23.6,23.799999,21.069777,370000.0,2017-07-25T00:00:00
12,ADTN,23.799999,24.0,23.280001,23.35,20.671398,319000.0,2017-07-26T00:00:00
13,ADTN,23.4,23.700001,23.25,23.35,20.671398,417600.0,2017-07-27T00:00:00
14,ADTN,23.299999,23.5,23.15,23.200001,20.538609,310200.0,2017-07-28T00:00:00
15,ADTN,23.25,23.5,23.15,23.450001,20.759935,440500.0,2017-07-31T00:00:00
16,ADTN,23.5,23.75,23.200001,23.65,21.017649,261100.0,2017-08-01T00:00:00
17,ADTN,23.65,23.68,23.0,23.049999,20.484434,362800.0,2017-08-02T00:00:00
18,ADTN,23.15,23.299999,22.700001,22.799999,20.262257,209000.0,2017-08-03T00:00:00
19,ADTN,22.799999,22.799999,22.200001,22.450001,19.951216,328100.0,2017-08-04T00:00:00
20,ADTN,22.450001,22.549999,22.200001,22.299999,19.817911,318300.0,2017-08-07T00:00:00
21,ADTN,22.25,22.73,22.25,22.549999,20.040083,320400.0,2017-08-08T00:00:00
22,ADTN,22.35,22.58,21.98,22.15,19.684607,297500.0,2017-08-09T00:00:00
23,ADTN,22.1,22.15,21.75,21.799999,19.373564,280000.0,2017-08-10T00:00:00
24,ADTN,21.85,21.950001,21.530001,21.799999,19.373564,359200.0,2017-08-11T00:00:00
25,ADTN,21.9,22.0,21.780001,21.950001,19.50687,264700.0,2017-08-14T00:00:00
26,ADTN,22.049999,22.1,21.700001,21.700001,19.284695,200500.0,2017-08-15T00:00:00
27,ADTN,21.85,21.950001,21.73,21.85,19.418001,236200.0,2017-08-16T00:00:00
28,ADTN,21.700001,21.85,21.33,21.5,19.106955,341900.0,2017-08-17T00:00:00
29,ADTN,21.299999,21.799999,21.280001,21.6,19.195826,1276000.0,2017-08-18T00:00:00
30,ADTN,21.549999,21.65,21.299999,21.450001,19.062525,201200.0,2017-08-21T00:00:00
31,ADTN,21.5,21.799999,21.450001,21.65,19.240257,229400.0,2017-08-22T00:00:00
32,ADTN,21.549999,21.950001,21.5,21.700001,19.284695,220300.0,2017-08-23T00:00:00
33,ADTN,21.85,22.15,21.65,22.049999,19.595741,308100.0,2017-08-24T00:00:00
34,ADTN,22.1,22.25,22.049999,22.25,19.773474,156700.0,2017-08-25T00:00:00
35,ADTN,22.25,22.25,21.799999,22.0,19.5513,196800.0,2017-08-28T00:00:00
36,ADTN,21.85,21.98,21.73,21.950001,19.50687,189800.0,2017-08-29T00:00:00
37,ADTN,21.950001,22.15,21.85,22.049999,19.595741,174800.0,2017-08-30T00:00:00
38,ADTN,22.1,22.1,21.700001,22.1,19.640171,213100.0,2017-08-31T00:00:00
39,ADTN,22.1,22.299999,22.0,22.25,19.773474,216700.0,2017-09-01T00:00:00
40,ADTN,22.25,22.25,21.48,21.65,19.240257,280900.0,2017-09-05T00:00:00
41,ADTN,21.75,21.9,21.6,21.700001,19.284695,199100.0,2017-09-06T00:00:00
42,ADTN,21.75,21.799999,21.48,21.700001,19.284695,189400.0,2017-09-07T00:00:00
43,ADTN,21.6,21.85,21.4,21.700001,19.284695,213700.0,2017-09-08T00:00:00
44,ADTN,21.85,22.18,21.75,22.049999,19.595741,219700.0,2017-09-11T00:00:00
45,ADTN,22.1,22.35,22.049999,22.35,19.862349,357000.0,2017-09-12T00:00:00
46,ADTN,22.299999,22.4,22.200001,22.25,19.773474,217600.0,2017-09-13T00:00:00
47,ADTN,22.25,22.43,22.200001,22.35,19.862349,213700.0,2017-09-14T00:00:00
48,ADTN,22.35,22.5,22.200001,22.450001,19.951216,604100.0,2017-09-15T00:00:00
49,ADTN,22.5,22.5,22.35,22.5,19.995649,205200.0,2017-09-18T00:00:00
50,ADTN,22.5,22.85,22.25,22.4,19.90678,551700.0,2017-09-19T00:00:00
51,ADTN,22.4,22.65,22.35,22.5,19.995649,227500.0,2017-09-20T00:00:00
52,ADTN,22.5,22.65,22.35,22.450001,19.951216,187100.0,2017-09-21T00:00:00
53,ADTN,22.450001,22.799999,22.450001,22.65,20.128956,145600.0,2017-09-22T00:00:00
54,ADTN,22.6,22.83,22.4,22.6,20.084524,287400.0,2017-09-25T00:00:00
55,ADTN,22.700001,23.200001,22.6,23.15,20.573305,364600.0,2017-09-26T00:00:00
56,ADTN,23.200001,24.299999,23.049999,23.9,21.239826,907900.0,2017-09-27T00:00:00
57,ADTN,23.799999,24.35,23.549999,23.65,21.017649,610900.0,2017-09-28T00:00:00
58,ADTN,23.65,24.1,23.549999,24.0,21.328697,291900.0,2017-09-29T00:00:00
59,ADTN,24.0,24.4,23.9,24.35,21.639736,336900.0,2017-10-02T00:00:00
60,ADTN,24.35,24.450001,24.15,24.4,21.684172,199700.0,2017-10-03T00:00:00
61,ADTN,24.35,24.6,24.25,24.5,21.773039,197800.0,2017-10-04T00:00:00
62,ADTN,24.5,24.5,24.25,24.35,21.639736,176600.0,2017-10-05T00:00:00
63,ADTN,24.25,24.48,24.200001,24.25,21.550873,223400.0,2017-10-06T00:00:00
64,ADTN,24.25,24.549999,24.200001,24.450001,21.728605,220900.0,2017-10-09T00:00:00
65,ADTN,24.450001,24.6,24.25,24.299999,21.595301,199800.0,2017-10-10T00:00:00
66,ADTN,24.25,24.549999,23.799999,24.450001,21.728605,228800.0,2017-10-11T00:00:00
67,ADTN,24.35,24.5,24.049999,24.1,21.417564,271300.0,2017-10-12T00:00:00
68,ADTN,24.15,24.299999,24.0,24.200001,21.506435,153300.0,2017-10-13T00:00:00
69,ADTN,24.25,24.450001,23.9,24.0,21.328697,210500.0,2017-10-16T00:00:00
70,ADTN,23.9,24.1,23.799999,23.9,21.239826,288400.0,2017-10-17T00:00:00
71,ADTN,25.1,25.1,22.200001,22.35,19.862349,1276900.0,2017-10-18T00:00:00
72,ADTN,22.25,22.5,21.75,21.85,19.418001,694700.0,2017-10-19T00:00:00
73,ADTN,22.15,22.200001,21.549999,21.950001,19.50687,661100.0,2017-10-20T00:00:00
74,ADTN,22.0,22.1,21.549999,21.6,19.195826,386100.0,2017-10-23T00:00:00
75,ADTN,21.65,21.799999,21.549999,21.6,19.195826,462800.0,2017-10-24T00:00:00
76,ADTN,21.5,21.6,21.200001,21.25,18.884783,413700.0,2017-10-25T00:00:00
77,ADTN,21.25,21.299999,20.950001,21.0,18.662607,436800.0,2017-10-26T00:00:00
78,ADTN,21.049999,21.65,20.9,21.4,19.018085,561700.0,2017-10-27T00:00:00
79,ADTN,21.450001,21.450001,20.98,21.200001,18.840345,337600.0,2017-10-30T00:00:00
80,ADTN,21.1,21.35,20.950001,21.1,18.831421,367600.0,2017-10-31T00:00:00
81,ADTN,21.25,21.35,20.85,21.0,18.742172,283300.0,2017-11-01T00:00:00
82,ADTN,20.950001,21.0,20.65,20.75,18.519054,310700.0,2017-11-02T00:00:00
83,ADTN,20.799999,21.0,20.6,20.85,18.608295,425100.0,2017-11-03T00:00:00
84,ADTN,20.9,21.049999,20.780001,20.9,18.652925,540500.0,2017-11-06T00:00:00
85,ADTN,20.75,21.030001,20.75,20.9,18.652925,314900.0,2017-11-07T00:00:00
86,ADTN,21.0,21.0,20.700001,20.85,18.608295,241700.0,2017-11-08T00:00:00
87,ADTN,20.85,20.9,20.450001,20.5,18.295929,234400.0,2017-11-09T00:00:00
88,ADTN,20.5,20.799999,20.5,20.65,18.429806,144600.0,2017-11-10T00:00:00
89,ADTN,20.549999,20.85,20.549999,20.65,18.429806,143200.0,2017-11-13T00:00:00
90,ADTN,20.549999,20.75,20.549999,20.700001,18.474428,218700.0,2017-11-14T00:00:00
91,ADTN,20.549999,20.950001,20.549999,20.75,18.519054,381700.0,2017-11-15T00:00:00
92,ADTN,20.75,21.1,20.299999,21.049999,18.786797,480100.0,2017-11-16T00:00:00
93,ADTN,20.9,21.43,20.799999,21.25,18.965294,268100.0,2017-11-17T00:00:00
94,ADTN,21.25,21.799999,21.15,21.65,19.322287,333900.0,2017-11-20T00:00:00
95,ADTN,21.6,21.950001,21.5,21.9,19.545408,266500.0,2017-11-21T00:00:00
96,ADTN,21.85,22.450001,21.049999,22.1,19.723907,409000.0,2017-11-22T00:00:00
97,ADTN,22.15,22.35,21.950001,22.299999,19.902405,120200.0,2017-11-24T00:00:00
98,ADTN,22.35,22.450001,22.1,22.25,19.857779,291700.0,2017-11-27T00:00:00
99,ADTN,22.25,23.049999,22.200001,22.950001,20.482523,465800.0,2017-11-28T00:00:00
100,ADTN,22.9,23.0,22.549999,22.85,20.393267,247200.0,2017-11-29T00:00:00
101,ADTN,22.85,23.1,22.700001,23.1,20.616392,228600.0,2017-11-30T00:00:00
102,ADTN,23.1,23.1,22.280001,22.799999,20.34864,267200.0,2017-12-01T00:00:00
103,ADTN,23.049999,23.15,22.549999,22.75,20.304018,243700.0,2017-12-04T00:00:00
104,ADTN,22.85,22.85,22.299999,22.35,19.947033,197300.0,2017-12-05T00:00:00
105,ADTN,22.35,22.5,22.1,22.15,19.768526,179100.0,2017-12-06T00:00:00
106,ADTN,22.200001,22.299999,22.049999,22.1,19.723907,213000.0,2017-12-07T00:00:00
107,ADTN,22.1,22.4,22.049999,22.15,19.768526,165300.0,2017-12-08T00:00:00
108,ADTN,22.200001,22.25,21.950001,22.0,19.634657,297100.0,2017-12-11T00:00:00
109,ADTN,21.9,22.1,21.75,21.85,19.500786,326900.0,2017-12-12T00:00:00
110,ADTN,21.85,22.25,21.700001,21.799999,19.456161,533000.0,2017-12-13T00:00:00
111,ADTN,21.799999,22.110001,21.530001,21.6,19.277662,556600.0,2017-12-14T00:00:00
112,ADTN,21.65,22.049999,21.450001,21.9,19.545408,758800.0,2017-12-15T00:00:00
113,ADTN,22.1,22.4,22.0,22.15,19.768526,263500.0,2017-12-18T00:00:00
114,ADTN,22.049999,22.35,22.0,22.1,19.723907,235100.0,2017-12-19T00:00:00
115,ADTN,22.15,22.9,22.15,22.65,20.214773,367700.0,2017-12-20T00:00:00
116,ADTN,22.65,23.049999,22.6,22.799999,20.34864,242500.0,2017-12-21T00:00:00
117,ADTN,22.799999,22.799999,22.5,22.549999,20.125521,183700.0,2017-12-22T00:00:00
118,ADTN,22.5,22.549999,22.4,22.450001,20.036276,103200.0,2017-12-26T00:00:00
119,ADTN,22.5,22.6,22.200001,22.35,19.947033,162400.0,2017-12-27T00:00:00
120,ADTN,22.35,22.450001,22.1,22.25,19.857779,142400.0,2017-12-28T00:00:00
121,ADTN,18.85,19.950001,18.65,19.35,17.269573,1881900.0,2017-12-29T00:00:00
122,ADTN,19.299999,20.299999,19.299999,20.0,17.849688,829800.0,2018-01-02T00:00:00
123,ADTN,19.950001,20.1,19.25,19.299999,17.224953,627300.0,2018-01-03T00:00:00
124,ADTN,19.450001,19.6,19.15,19.25,17.180325,400000.0,2018-01-04T00:00:00
125,ADTN,19.299999,19.549999,19.1,19.299999,17.224953,509400.0,2018-01-05T00:00:00
126,ADTN,19.299999,19.799999,19.1,19.75,17.626568,550100.0,2018-01-08T00:00:00
127,ADTN,19.75,19.75,19.35,19.450001,17.358824,302100.0,2018-01-09T00:00:00
128,ADTN,19.35,19.6,19.25,19.6,17.492695,333800.0,2018-01-10T00:00:00
129,ADTN,19.6,19.799999,19.4,19.700001,17.581944,375700.0,2018-01-11T00:00:00
130,ADTN,19.6,19.950001,19.549999,19.700001,17.581944,349000.0,2018-01-12T00:00:00
131,ADTN,20.450001,20.450001,19.450001,19.5,17.403448,760300.0,2018-01-16T00:00:00
132,ADTN,19.0,19.6,18.6,18.85,16.823332,1084900.0,2018-01-17T00:00:00
133,ADTN,18.549999,18.65,16.52,16.68,14.886642,2069500.0,2018-01-18T00:00:00
134,ADTN,16.65,16.799999,16.25,16.4,14.636745,1046200.0,2018-01-19T00:00:00
135,ADTN,16.35,16.799999,16.049999,16.799999,14.993734,904900.0,2018-01-22T00:00:00
136,ADTN,16.85,17.15,16.6,16.799999,14.993734,843000.0,2018-01-23T00:00:00
137,ADTN,16.9,16.9,16.0,16.200001,14.45825,603000.0,2018-01-24T00:00:00
138,ADTN,16.35,16.35,15.85,16.0,14.279751,732700.0,2018-01-25T00:00:00
139,ADTN,16.1,16.4,15.95,16.25,14.502872,420900.0,2018-01-26T00:00:00
140,ADTN,16.299999,16.450001,16.02,16.15,14.413623,412700.0,2018-01-29T00:00:00
141,ADTN,16.1,16.4,16.0,16.1,14.449523,566500.0,2018-01-30T00:00:00
142,ADTN,16.049999,16.27,15.9,16.0,14.359775,593400.0,2018-01-31T00:00:00
143,ADTN,16.0,16.450001,16.0,16.200001,14.539274,1139400.0,2018-02-01T00:00:00
144,ADTN,16.200001,16.5,16.200001,16.299999,14.629018,674700.0,2018-02-02T00:00:00
145,ADTN,16.25,16.450001,15.95,15.95,14.314899,847300.0,2018-02-05T00:00:00
146,ADTN,15.7,16.299999,15.65,16.1,14.449523,856000.0,2018-02-06T00:00:00
147,ADTN,16.15,16.35,16.08,16.25,14.584146,713800.0,2018-02-07T00:00:00
148,ADTN,16.299999,16.299999,15.85,15.9,14.270024,1093600.0,2018-02-08T00:00:00
149,ADTN,16.049999,16.25,15.75,16.049999,14.40465,692300.0,2018-02-09T00:00:00
150,ADTN,16.1,16.5,15.93,16.35,14.673894,416900.0,2018-02-12T00:00:00
151,ADTN,16.35,16.6,16.200001,16.4,14.718769,349900.0,2018-02-13T00:00:00
152,ADTN,16.25,16.700001,16.15,16.299999,14.629018,438100.0,2018-02-14T00:00:00
153,ADTN,16.450001,16.65,16.25,16.5,14.808516,366500.0,2018-02-15T00:00:00
154,ADTN,16.450001,16.629999,16.1,16.25,14.584146,477500.0,2018-02-16T00:00:00
155,ADTN,16.15,16.629999,16.1,16.4,14.718769,599800.0,2018-02-20T00:00:00
156,ADTN,16.4,16.65,16.25,16.27,14.602097,525300.0,2018-02-21T00:00:00
157,ADTN,16.25,16.25,15.68,15.8,14.180278,1197700.0,2018-02-22T00:00:00
158,ADTN,15.8,15.85,15.63,15.7,14.090529,554700.0,2018-02-23T00:00:00
159,ADTN,15.75,15.9,15.68,15.8,14.180278,804100.0,2018-02-26T00:00:00
160,ADTN,15.8,15.9,15.35,15.35,13.776407,795100.0,2018-02-27T00:00:00
161,ADTN,15.4,15.75,15.25,15.65,14.045653,661000.0,2018-02-28T00:00:00
162,ADTN,15.7,15.85,15.4,15.5,13.911033,524300.0,2018-03-01T00:00:00
163,ADTN,15.35,15.7,15.3,15.55,13.955905,483300.0,2018-03-02T00:00:00
164,ADTN,15.55,15.95,15.55,15.7,14.090529,446200.0,2018-03-05T00:00:00
165,ADTN,15.85,16.0,15.75,16.0,14.359775,532100.0,2018-03-06T00:00:00
166,ADTN,15.95,16.4,15.85,16.15,14.494397,487700.0,2018-03-07T00:00:00
167,ADTN,16.200001,16.4,16.15,16.299999,14.629018,325600.0,2018-03-08T00:00:00
168,ADTN,16.299999,16.450001,16.129999,16.299999,14.629018,460300.0,2018-03-09T00:00:00
169,ADTN,16.299999,16.5,16.299999,16.450001,14.763643,438600.0,2018-03-12T00:00:00
170,ADTN,16.5,16.9,16.450001,16.65,14.943141,848100.0,2018-03-13T00:00:00
171,ADTN,16.65,16.65,16.25,16.25,14.584146,585300.0,2018-03-14T00:00:00
172,ADTN,16.299999,16.4,15.9,16.299999,14.629018,333700.0,2018-03-15T00:00:00
173,ADTN,16.299999,16.299999,15.8,15.9,14.270024,927300.0,2018-03-16T00:00:00
174,ADTN,15.8,16.15,15.65,16.049999,14.40465,541300.0,2018-03-19T00:00:00
175,ADTN,16.049999,16.15,15.9,16.1,14.449523,284400.0,2018-03-20T00:00:00
176,ADTN,16.1,16.15,15.8,16.049999,14.40465,360000.0,2018-03-21T00:00:00
177,ADTN,15.95,16.049999,15.55,15.75,14.135403,606500.0,2018-03-22T00:00:00
178,ADTN,15.75,15.9,15.45,15.65,14.045653,600900.0,2018-03-23T00:00:00
179,ADTN,15.75,15.9,15.25,15.55,13.955905,429900.0,2018-03-26T00:00:00
180,ADTN,15.6,15.65,15.23,15.35,13.776407,291000.0,2018-03-27T00:00:00
181,ADTN,15.3,15.5,15.15,15.4,13.821283,662700.0,2018-03-28T00:00:00
182,ADTN,15.45,15.75,15.4,15.55,13.955905,508400.0,2018-03-29T00:00:00
183,ADTN,15.6,15.65,15.05,15.2,13.641787,410500.0,2018-04-02T00:00:00
184,ADTN,15.25,15.25,15.05,15.2,13.641787,362700.0,2018-04-03T00:00:00
185,ADTN,14.9,15.1,14.8,15.1,13.552037,353000.0,2018-04-04T00:00:00
186,ADTN,15.1,15.15,15.0,15.1,13.552037,285100.0,2018-04-05T00:00:00
187,ADTN,15.05,15.25,14.8,14.9,13.37254,521900.0,2018-04-06T00:00:00
188,ADTN,15.0,15.3,14.9,15.1,13.552037,270800.0,2018-04-09T00:00:00
189,ADTN,15.25,15.4,15.05,15.2,13.641787,524300.0,2018-04-10T00:00:00
190,ADTN,15.15,15.8,15.15,15.4,13.821283,350800.0,2018-04-11T00:00:00
191,ADTN,15.5,15.6,15.4,15.4,13.821283,365700.0,2018-04-12T00:00:00
192,ADTN,15.5,15.6,15.35,15.55,13.955905,201600.0,2018-04-13T00:00:00
193,ADTN,15.55,15.63,15.3,15.55,13.955905,351600.0,2018-04-16T00:00:00
194,ADTN,15.6,16.25,15.58,16.049999,14.40465,1006400.0,2018-04-17T00:00:00
195,ADTN,14.8,15.35,14.4,14.95,13.417414,1566600.0,2018-04-18T00:00:00
196,ADTN,14.7,15.05,14.65,14.83,13.309716,481300.0,2018-04-19T00:00:00
197,ADTN,14.75,14.85,14.65,14.7,13.193041,756600.0,2018-04-20T00:00:00
198,ADTN,14.75,14.85,14.4,14.45,12.96867,442900.0,2018-04-23T00:00:00
199,ADTN,14.5,14.75,14.4,14.7,13.193041,503300.0,2018-04-24T00:00:00
200,ADTN,14.75,14.75,14.5,14.7,13.193041,335600.0,2018-04-25T00:00:00
201,ADTN,14.7,14.75,14.3,14.6,13.103297,343600.0,2018-04-26T00:00:00
202,ADTN,14.65,14.83,14.3,14.5,13.013546,297000.0,2018-04-27T00:00:00
203,ADTN,14.5,14.7,14.35,14.65,13.14817,470700.0,2018-04-30T00:00:00
204,ADTN,14.55,14.9,14.4,14.9,13.455201,498900.0,2018-05-01T00:00:00
205,ADTN,14.95,15.15,14.7,14.9,13.455201,427700.0,2018-05-02T00:00:00
206,ADTN,14.85,14.95,14.58,14.75,13.319744,435400.0,2018-05-03T00:00:00
207,ADTN,14.75,15.1,14.6,14.85,13.410048,354200.0,2018-05-04T00:00:00
208,ADTN,14.95,15.55,14.85,15.05,13.590655,531400.0,2018-05-07T00:00:00
209,ADTN,15.0,15.35,14.85,15.3,13.816413,310300.0,2018-05-08T00:00:00
210,ADTN,15.3,15.35,15.05,15.25,13.771259,316100.0,2018-05-09T00:00:00
211,ADTN,15.2,15.4,15.1,15.25,13.771259,330700.0,2018-05-10T00:00:00
212,ADTN,15.25,15.35,15.1,15.15,13.680959,208000.0,2018-05-11T00:00:00
213,ADTN,15.2,15.25,14.68,14.75,13.319744,384400.0,2018-05-14T00:00:00
214,ADTN,14.75,14.75,14.55,14.55,13.139139,261000.0,2018-05-15T00:00:00
215,ADTN,14.65,14.9,14.55,14.7,13.274592,319200.0,2018-05-16T00:00:00
216,ADTN,14.75,14.85,14.6,14.75,13.319744,312700.0,2018-05-17T00:00:00
217,ADTN,14.8,14.9,14.65,14.85,13.410048,203500.0,2018-05-18T00:00:00
218,ADTN,14.85,15.45,14.85,15.45,13.951868,593800.0,2018-05-21T00:00:00
219,ADTN,15.35,15.9,15.05,15.1,13.635806,430400.0,2018-05-22T00:00:00
220,ADTN,15.0,15.0,14.75,14.9,13.455201,374400.0,2018-05-23T00:00:00
221,ADTN,14.95,14.95,14.6,14.65,13.229442,315200.0,2018-05-24T00:00:00
222,ADTN,14.7,15.1,14.6,15.05,13.590655,285900.0,2018-05-25T00:00:00
223,ADTN,14.95,15.05,14.75,14.8,13.364896,298500.0,2018-05-29T00:00:00
224,ADTN,14.8,14.85,14.15,14.25,12.868228,499200.0,2018-05-30T00:00:00
225,ADTN,14.3,14.35,13.95,13.95,12.59732,424200.0,2018-05-31T00:00:00
226,ADTN,14.0,14.3,14.0,14.15,12.777924,679800.0,2018-06-01T00:00:00
227,ADTN,14.25,15.15,14.2,15.1,13.635806,862500.0,2018-06-04T00:00:00
228,ADTN,15.1,15.55,14.98,15.2,13.726111,393200.0,2018-06-05T00:00:00
229,ADTN,15.2,15.2,14.85,15.0,13.545503,274700.0,2018-06-06T00:00:00
230,ADTN,15.05,15.05,14.7,14.8,13.364896,258300.0,2018-06-07T00:00:00
231,ADTN,14.8,14.85,14.65,14.7,13.274592,180000.0,2018-06-08T00:00:00
232,ADTN,14.7,14.8,14.3,14.5,13.093987,360600.0,2018-06-11T00:00:00
233,ADTN,14.5,14.6,14.4,14.5,13.093987,135300.0,2018-06-12T00:00:00
234,ADTN,14.55,14.75,14.45,14.75,13.319744,204700.0,2018-06-13T00:00:00
235,ADTN,14.75,15.3,14.7,15.15,13.680959,323900.0,2018-06-14T00:00:00
236,ADTN,15.1,15.58,15.05,15.45,13.951868,555900.0,2018-06-15T00:00:00
237,ADTN,15.45,15.5,15.2,15.5,13.997021,200700.0,2018-06-18T00:00:00
238,ADTN,15.4,15.5,15.2,15.3,13.816413,194300.0,2018-06-19T00:00:00
239,ADTN,15.3,15.4,15.15,15.2,13.726111,257700.0,2018-06-20T00:00:00
240,ADTN,15.2,15.2,14.25,14.3,12.91338,880500.0,2018-06-21T00:00:00
241,ADTN,14.4,14.5,14.1,14.35,12.958531,749900.0,2018-06-22T00:00:00
242,ADTN,14.25,14.4,14.13,14.3,12.91338,192900.0,2018-06-25T00:00:00
243,ADTN,14.3,14.55,14.15,14.5,13.093987,209400.0,2018-06-26T00:00:00
244,ADTN,14.5,14.7,14.45,14.6,13.184292,236800.0,2018-06-27T00:00:00
245,ADTN,14.6,14.9,14.5,14.75,13.319744,224700.0,2018-06-28T00:00:00
246,ADTN,14.75,15.0,14.65,14.85,13.410048,196000.0,2018-06-29T00:00:00
247,ADTN,14.8,14.95,14.55,14.95,13.500351,230100.0,2018-07-02T00:00:00
248,ADTN,15.0,15.3,14.9,15.0,13.545503,234600.0,2018-07-03T00:00:00
249,ADTN,15.05,15.45,15.0,15.35,13.861565,255100.0,2018-07-05T00:00:00
250,ADTN,15.4,15.7,15.35,15.5,13.997021,214600.0,2018-07-06T00:00:00
251,ADTN,15.55,15.65,15.35,15.4,13.906717,198900.0,2018-07-09T00:00:00
252,ADTN,15.4,15.45,15.25,15.35,13.861565,166500.0,2018-07-10T00:00:00
253,ADTN,15.25,15.45,15.05,15.1,13.635806,248900.0,2018-07-11T00:00:00
254,ADTN,15.15,15.65,15.1,15.58,14.069263,230500.0,2018-07-12T00:00:00
255,ADTN,15.55,15.75,15.5,15.65,14.132474,172700.0,2018-07-13T00:00:00
256,ADTN,15.65,16.1,15.55,16.0,14.448537,918200.0,2018-07-16T00:00:00
257,ADTN,15.9,16.049999,15.6,16.0,14.448537,1152300.0,2018-07-17T00:00:00
258,ADTN,16.799999,17.200001,15.6,16.049999,14.49369,1497000.0,2018-07-18T00:00:00
259,ADTN,16.049999,16.6,15.8,16.450001,14.854902,615100.0,2018-07-19T00:00:00
260,ADTN,16.4,16.700001,16.25,16.5,14.900051,393700.0,2018-07-20T00:00:00
261,ADTN,16.450001,16.75,16.15,16.700001,15.080661,537700.0,2018-07-23T00:00:00
262,ADTN,16.700001,16.9,16.4,16.549999,14.945205,576000.0,2018-07-24T00:00:00
263,ADTN,16.5,16.5,15.95,16.049999,14.49369,302600.0,2018-07-25T00:00:00
264,ADTN,16.049999,16.5,16.0,16.5,14.900051,271400.0,2018-07-26T00:00:00
265,ADTN,16.450001,16.5,16.15,16.299999,14.719444,238200.0,2018-07-27T00:00:00
266,ADTN,16.25,16.5,16.200001,16.25,14.674296,211600.0,2018-07-30T00:00:00
267,ADTN,16.200001,16.450001,16.049999,16.25,14.75602,357300.0,2018-07-31T00:00:00
268,ADTN,16.299999,16.35,16.0,16.15,14.665213,276600.0,2018-08-01T00:00:00
269,ADTN,16.15,16.299999,16.0,16.200001,14.71062,135500.0,2018-08-02T00:00:00
270,ADTN,16.25,16.5,16.049999,16.15,14.665213,132300.0,2018-08-03T00:00:00
271,ADTN,16.200001,16.299999,16.0,16.299999,14.801422,101900.0,2018-08-06T00:00:00
272,ADTN,16.299999,16.549999,16.25,16.299999,14.801422,205000.0,2018-08-07T00:00:00
273,ADTN,16.35,16.35,15.9,15.95,14.483602,244000.0,2018-08-08T00:00:00
274,ADTN,15.9,16.1,15.85,15.9,14.438197,221600.0,2018-08-09T00:00:00
275,ADTN,15.85,16.0,15.7,15.9,14.438197,262000.0,2018-08-10T00:00:00
276,ADTN,15.95,16.129999,15.75,16.1,14.619813,319300.0,2018-08-13T00:00:00
277,ADTN,16.1,16.25,16.0,16.200001,14.71062,153100.0,2018-08-14T00:00:00
278,ADTN,16.15,16.15,15.95,16.049999,14.574409,333500.0,2018-08-15T00:00:00
279,ADTN,16.1,16.5,16.1,16.450001,14.937634,200000.0,2018-08-16T00:00:00
280,ADTN,16.35,16.58,16.25,16.35,14.846828,256300.0,2018-08-17T00:00:00
281,ADTN,16.4,16.65,16.4,16.549999,15.028437,381200.0,2018-08-20T00:00:00
282,ADTN,16.65,16.9,16.549999,16.9,15.346261,248300.0,2018-08-21T00:00:00
283,ADTN,16.85,17.049999,16.77,16.950001,15.391666,191200.0,2018-08-22T00:00:00
284,ADTN,16.950001,17.15,16.9,17.0,15.437069,130600.0,2018-08-23T00:00:00
285,ADTN,16.950001,17.15,16.9,16.950001,15.391666,208800.0,2018-08-24T00:00:00
286,ADTN,17.049999,17.15,16.950001,17.0,15.437069,145000.0,2018-08-27T00:00:00
287,ADTN,17.0,17.049999,16.9,16.950001,15.391666,136600.0,2018-08-28T00:00:00
288,ADTN,16.9,17.1,16.9,17.0,15.437069,122500.0,2018-08-29T00:00:00
289,ADTN,17.049999,17.15,16.9,17.1,15.527873,282600.0,2018-08-30T00:00:00
290,ADTN,17.049999,17.200001,17.0,17.200001,15.61868,147800.0,2018-08-31T00:00:00
291,ADTN,17.200001,17.25,16.85,16.950001,15.391666,187900.0,2018-09-04T00:00:00
292,ADTN,17.0,17.049999,16.75,16.950001,15.391666,142300.0,2018-09-05T00:00:00
293,ADTN,16.9,16.9,16.700001,16.75,15.210053,104500.0,2018-09-06T00:00:00
294,ADTN,16.75,16.950001,16.65,16.9,15.346261,172300.0,2018-09-07T00:00:00
295,ADTN,16.9,16.9,16.700001,16.700001,15.16465,124600.0,2018-09-10T00:00:00
296,ADTN,16.700001,16.700001,16.299999,16.5,14.983036,153800.0,2018-09-11T00:00:00
297,ADTN,16.65,18.799999,16.629999,18.549999,16.844561,755500.0,2018-09-12T00:00:00
298,ADTN,18.549999,19.299999,18.549999,18.799999,17.071583,497500.0,2018-09-13T00:00:00
299,ADTN,18.75,18.98,18.65,18.75,17.026178,231500.0,2018-09-14T00:00:00
300,ADTN,18.65,18.700001,17.950001,18.450001,16.753759,197700.0,2018-09-17T00:00:00
301,ADTN,18.35,18.75,18.35,18.6,16.889969,287800.0,2018-09-18T00:00:00
302,ADTN,18.549999,18.6,18.25,18.35,16.662952,321300.0,2018-09-19T00:00:00
303,ADTN,18.450001,18.65,18.450001,18.5,16.799164,181800.0,2018-09-20T00:00:00
304,ADTN,18.5,18.75,18.299999,18.6,16.889969,1051600.0,2018-09-21T00:00:00
305,ADTN,18.65,18.75,18.200001,18.25,16.572144,163800.0,2018-09-24T00:00:00
306,ADTN,18.299999,18.450001,18.049999,18.200001,16.526743,235000.0,2018-09-25T00:00:00
307,ADTN,18.25,18.35,18.049999,18.1,16.43594,157300.0,2018-09-26T00:00:00
308,ADTN,18.15,18.15,17.450001,17.450001,15.845695,267900.0,2018-09-27T00:00:00
309,ADTN,17.4,17.65,17.35,17.65,16.027308,232100.0,2018-09-28T00:00:00
310,ADTN,17.709999,17.83,17.370001,17.57,15.954664,337900.0,2018-10-01T00:00:00
311,ADTN,17.51,18.059999,17.42,17.870001,16.227085,376300.0,2018-10-02T00:00:00
312,ADTN,17.9,18.309999,17.809999,18.02,16.363291,240100.0,2018-10-03T00:00:00
313,ADTN,18.01,18.190001,17.59,17.709999,16.081787,184700.0,2018-10-04T00:00:00
314,ADTN,17.709999,17.709999,17.18,17.35,15.754889,213700.0,2018-10-05T00:00:00
315,ADTN,17.34,17.58,17.02,17.200001,15.61868,190000.0,2018-10-08T00:00:00
316,ADTN,17.139999,17.67,17.030001,17.58,15.963746,230800.0,2018-10-09T00:00:00
317,ADTN,17.559999,17.58,17.02,17.059999,15.49155,212400.0,2018-10-10T00:00:00
318,ADTN,16.93,17.25,16.860001,16.9,15.346261,240000.0,2018-10-11T00:00:00
319,ADTN,17.049999,17.370001,16.83,16.959999,15.400744,199500.0,2018-10-12T00:00:00
320,ADTN,16.969999,17.299999,16.74,17.049999,15.482468,237100.0,2018-10-15T00:00:00
321,ADTN,17.040001,18.4,16.889999,18.120001,16.4541,758900.0,2018-10-16T00:00:00
322,ADTN,17.23,17.74,14.79,15.01,13.630024,2514700.0,2018-10-17T00:00:00
323,ADTN,15.11,15.11,13.52,13.83,12.558508,1253400.0,2018-10-18T00:00:00
324,ADTN,13.8,14.3,13.76,13.78,12.513105,622800.0,2018-10-19T00:00:00
325,ADTN,13.75,14.39,13.75,14.01,12.721961,472500.0,2018-10-22T00:00:00
326,ADTN,13.88,14.1,13.59,13.94,12.658396,395000.0,2018-10-23T00:00:00
327,ADTN,13.93,13.94,13.37,13.39,12.158961,304800.0,2018-10-24T00:00:00
328,ADTN,13.45,13.72,13.27,13.52,12.277008,267400.0,2018-10-25T00:00:00
329,ADTN,13.32,13.68,13.05,13.54,12.29517,256200.0,2018-10-26T00:00:00
330,ADTN,13.79,13.91,13.14,13.3,12.077234,256000.0,2018-10-29T00:00:00
331,ADTN,13.25,13.78,13.23,13.72,12.543504,210400.0,2018-10-30T00:00:00
332,ADTN,13.83,13.93,13.38,13.44,12.287511,302400.0,2018-10-31T00:00:00
333,ADTN,13.5,13.94,13.36,13.9,12.708068,323600.0,2018-11-01T00:00:00
334,ADTN,13.96,14.04,13.83,13.92,12.726355,271700.0,2018-11-02T00:00:00
335,ADTN,13.95,14.17,13.74,14.05,12.845206,441700.0,2018-11-05T00:00:00
336,ADTN,14.04,14.27,13.86,13.99,12.79035,286100.0,2018-11-06T00:00:00
337,ADTN,14.1,14.32,13.99,14.32,13.09205,175700.0,2018-11-07T00:00:00
338,ADTN,14.29,14.5,14.24,14.47,13.229191,164700.0,2018-11-08T00:00:00
339,ADTN,14.4,14.42,14.0,14.12,12.909202,282000.0,2018-11-09T00:00:00
340,ADTN,14.01,14.11,13.44,13.45,12.296656,383100.0,2018-11-12T00:00:00
341,ADTN,13.55,13.76,13.49,13.7,12.525217,161900.0,2018-11-13T00:00:00
342,ADTN,13.8,13.94,13.47,13.63,12.461221,410300.0,2018-11-14T00:00:00
343,ADTN,13.66,13.82,13.36,13.78,12.598357,192600.0,2018-11-15T00:00:00
344,ADTN,13.68,13.73,13.45,13.64,12.470361,257700.0,2018-11-16T00:00:00
345,ADTN,13.6,13.6,13.02,13.41,12.260084,322100.0,2018-11-19T00:00:00
346,ADTN,13.26,13.34,12.54,12.55,11.473831,172500.0,2018-11-20T00:00:00
347,ADTN,12.64,12.98,12.56,12.94,11.830387,165900.0,2018-11-21T00:00:00
348,ADTN,12.86,13.07,12.8,12.87,11.766389,57200.0,2018-11-23T00:00:00
349,ADTN,12.97,13.04,12.61,12.73,11.638395,168000.0,2018-11-26T00:00:00
350,ADTN,12.61,12.68,12.46,12.51,11.437261,167300.0,2018-11-27T00:00:00
351,ADTN,12.51,12.71,12.34,12.55,11.473831,263200.0,2018-11-28T00:00:00
352,ADTN,12.54,12.69,12.34,12.4,11.336693,175200.0,2018-11-29T00:00:00
353,ADTN,12.39,12.5,11.93,12.45,11.382406,317100.0,2018-11-30T00:00:00
354,ADTN,12.55,12.8,12.43,12.78,11.684108,246400.0,2018-12-03T00:00:00
355,ADTN,12.76,12.82,12.12,12.54,11.464686,332000.0,2018-12-04T00:00:00
356,ADTN,12.36,12.63,11.92,12.59,11.510401,320400.0,2018-12-06T00:00:00
357,ADTN,12.51,12.74,11.94,12.0,10.970994,247000.0,2018-12-07T00:00:00
358,ADTN,11.99,12.26,11.58,11.8,10.788145,408700.0,2018-12-10T00:00:00
359,ADTN,11.93,12.21,11.45,11.63,10.632721,254300.0,2018-12-11T00:00:00
360,ADTN,11.74,12.21,11.73,11.93,10.906995,353900.0,2018-12-12T00:00:00
361,ADTN,12.08,12.11,11.61,11.79,10.779002,419300.0,2018-12-13T00:00:00
362,ADTN,11.69,11.82,11.48,11.52,10.532157,140000.0,2018-12-14T00:00:00
363,ADTN,11.52,11.68,10.9,10.96,10.020175,366400.0,2018-12-17T00:00:00
364,ADTN,11.07,11.26,10.84,10.96,10.020175,278000.0,2018-12-18T00:00:00
365,ADTN,10.96,11.22,10.58,10.67,9.755043,261200.0,2018-12-19T00:00:00
366,ADTN,10.6,10.8,10.4,10.69,9.773326,344200.0,2018-12-20T00:00:00
367,ADTN,10.7,10.92,10.45,10.52,9.617907,1672100.0,2018-12-21T00:00:00
368,ADTN,10.47,10.59,10.25,10.43,9.535624,216100.0,2018-12-24T00:00:00
369,ADTN,10.5,11.1,10.21,11.07,10.120741,417200.0,2018-12-26T00:00:00
370,ADTN,10.87,11.12,10.59,10.95,10.011032,288800.0,2018-12-27T00:00:00
371,ADTN,11.01,11.24,10.77,10.82,9.892179,430700.0,2018-12-28T00:00:00
372,ADTN,10.82,10.9,10.53,10.74,9.819039,337900.0,2018-12-31T00:00:00
373,ADTN,10.59,11.04,10.58,10.85,9.919607,582500.0,2019-01-02T00:00:00
374,ADTN,10.87,11.14,10.49,10.88,9.947034,318200.0,2019-01-03T00:00:00
375,ADTN,10.99,11.42,10.89,11.26,10.294449,476100.0,2019-01-04T00:00:00
376,ADTN,11.25,11.7,11.23,11.54,10.550437,529900.0,2019-01-07T00:00:00
377,ADTN,11.61,11.87,11.49,11.83,10.815571,495900.0,2019-01-08T00:00:00
378,ADTN,11.92,12.09,11.87,11.94,10.916139,240700.0,2019-01-09T00:00:00
379,ADTN,11.87,11.96,11.53,11.76,10.751575,215800.0,2019-01-10T00:00:00
380,ADTN,11.71,11.87,11.55,11.78,10.769856,234400.0,2019-01-11T00:00:00
381,ADTN,11.72,11.89,11.55,11.62,10.623579,187500.0,2019-01-14T00:00:00
382,ADTN,11.6,11.75,11.5,11.61,10.614438,252400.0,2019-01-15T00:00:00
383,ADTN,11.62,11.89,11.62,11.77,10.760716,160100.0,2019-01-16T00:00:00
384,ADTN,11.74,11.95,11.49,11.87,10.85214,317600.0,2019-01-17T00:00:00
385,ADTN,11.88,12.01,11.84,11.89,10.870427,436100.0,2019-01-18T00:00:00
386,ADTN,11.87,12.04,11.69,11.78,10.769856,255900.0,2019-01-22T00:00:00
387,ADTN,11.79,12.28,11.79,12.27,11.217841,713600.0,2019-01-23T00:00:00
388,ADTN,12.28,13.74,11.85,13.56,12.397223,1431100.0,2019-01-24T00:00:00
389,ADTN,13.64,14.37,13.61,14.04,12.836061,973600.0,2019-01-25T00:00:00
390,ADTN,13.93,14.7,13.84,14.69,13.430326,614800.0,2019-01-28T00:00:00
391,ADTN,13.85,14.66,13.85,14.55,13.302328,448300.0,2019-01-29T00:00:00
392,ADTN,14.56,14.84,14.21,14.69,13.430326,335000.0,2019-01-30T00:00:00
393,ADTN,14.65,14.84,14.51,14.58,13.329756,314300.0,2019-01-31T00:00:00
394,ADTN,14.58,14.72,14.26,14.37,13.137764,457200.0,2019-02-01T00:00:00
395,ADTN,14.38,14.56,14.13,14.29,13.064626,354300.0,2019-02-04T00:00:00
396,ADTN,14.27,14.42,14.22,14.3,13.073765,343400.0,2019-02-05T00:00:00
397,ADTN,14.3,14.44,14.04,14.31,13.165771,319600.0,2019-02-06T00:00:00
398,ADTN,14.17,14.33,14.12,14.2,13.064568,277800.0,2019-02-07T00:00:00
399,ADTN,14.14,14.34,14.01,14.03,12.908159,175500.0,2019-02-08T00:00:00
400,ADTN,14.08,14.28,13.91,14.26,13.119769,228400.0,2019-02-11T00:00:00
401,ADTN,14.32,14.62,14.32,14.58,13.414181,200200.0,2019-02-12T00:00:00
402,ADTN,14.58,14.68,14.47,14.67,13.496985,241100.0,2019-02-13T00:00:00
403,ADTN,14.72,14.85,14.6,14.61,13.441783,342000.0,2019-02-14T00:00:00
404,ADTN,14.69,14.97,14.64,14.69,13.515387,306300.0,2019-02-15T00:00:00
405,ADTN,14.64,14.84,14.53,14.56,13.395782,365600.0,2019-02-19T00:00:00
406,ADTN,14.59,14.67,14.56,14.58,13.414181,624800.0,2019-02-20T00:00:00
407,ADTN,14.56,14.61,14.53,14.54,13.377379,299300.0,2019-02-21T00:00:00
408,ADTN,14.6,14.65,14.52,14.6,13.432585,869000.0,2019-02-22T00:00:00
409,ADTN,14.67,15.18,14.65,15.1,13.892601,1117500.0,2019-02-25T00:00:00
410,ADTN,15.09,15.16,14.85,14.86,13.671793,348400.0,2019-02-26T00:00:00
411,ADTN,14.87,15.3,14.79,15.08,13.874204,393400.0,2019-02-27T00:00:00
412,ADTN,15.06,15.14,14.88,15.02,13.819002,333400.0,2019-02-28T00:00:00
413,ADTN,15.06,15.26,14.95,15.2,13.984608,333900.0,2019-03-01T00:00:00
414,ADTN,15.25,15.4,15.09,15.3,14.076612,469700.0,2019-03-04T00:00:00
415,ADTN,15.33,15.4,14.86,14.91,13.717795,194500.0,2019-03-05T00:00:00
416,ADTN,14.87,14.94,14.58,14.66,13.487784,295800.0,2019-03-06T00:00:00
417,ADTN,14.62,14.7,14.39,14.65,13.478584,306800.0,2019-03-07T00:00:00
418,ADTN,14.58,14.81,14.58,14.75,13.570589,207600.0,2019-03-08T00:00:00
419,ADTN,14.76,14.85,14.62,14.81,13.625793,212000.0,2019-03-11T00:00:00
420,ADTN,14.82,14.91,14.61,14.72,13.542987,216500.0,2019-03-12T00:00:00
421,ADTN,14.8,15.04,14.74,14.91,13.717795,255900.0,2019-03-13T00:00:00
422,ADTN,14.94,15.04,14.76,14.77,13.588989,261700.0,2019-03-14T00:00:00
423,ADTN,14.82,14.96,14.7,14.75,13.570589,448400.0,2019-03-15T00:00:00
424,ADTN,14.75,14.91,14.62,14.67,13.496985,324200.0,2019-03-18T00:00:00
425,ADTN,14.72,14.81,14.47,14.54,13.377379,310200.0,2019-03-19T00:00:00
426,ADTN,14.5,14.59,14.36,14.42,13.266976,191500.0,2019-03-20T00:00:00
427,ADTN,14.4,14.7,14.35,14.65,13.478584,264000.0,2019-03-21T00:00:00
428,ADTN,14.53,14.66,14.04,14.04,12.917359,297700.0,2019-03-22T00:00:00
429,ADTN,14.05,14.19,13.87,14.06,12.935762,228200.0,2019-03-25T00:00:00
430,ADTN,14.13,14.31,14.03,14.17,13.036964,208200.0,2019-03-26T00:00:00
431,ADTN,14.14,14.14,13.75,14.02,12.89896,150400.0,2019-03-27T00:00:00
432,ADTN,14.02,14.22,13.88,13.95,12.834557,173800.0,2019-03-28T00:00:00
433,ADTN,14.02,14.06,13.68,13.7,12.604547,338100.0,2019-03-29T00:00:00
434,ADTN,13.81,14.2,13.76,14.17,13.036964,391900.0,2019-04-01T00:00:00
435,ADTN,14.2,14.33,14.04,14.07,12.944962,142000.0,2019-04-02T00:00:00
436,ADTN,14.15,14.29,14.1,14.15,13.018564,252600.0,2019-04-03T00:00:00
437,ADTN,14.19,14.25,14.1,14.13,13.000164,156700.0,2019-04-04T00:00:00
438,ADTN,14.14,14.29,14.05,14.09,12.963363,322000.0,2019-04-05T00:00:00
439,ADTN,14.04,14.25,13.85,14.19,13.055366,314600.0,2019-04-08T00:00:00
440,ADTN,14.15,14.64,14.1,14.33,13.184172,654500.0,2019-04-09T00:00:00
441,ADTN,14.2,14.37,14.11,14.29,13.147371,331400.0,2019-04-10T00:00:00
442,ADTN,14.37,14.4,14.19,14.24,13.101368,199500.0,2019-04-11T00:00:00
443,ADTN,14.29,14.45,14.15,14.39,13.239375,225700.0,2019-04-12T00:00:00
444,ADTN,14.39,14.45,14.16,14.24,13.101368,117900.0,2019-04-15T00:00:00
445,ADTN,14.28,14.71,14.22,14.69,13.515387,507900.0,2019-04-16T00:00:00
446,ADTN,14.78,14.85,14.39,14.55,13.38658,249200.0,2019-04-17T00:00:00
447,ADTN,15.0,16.67,15.0,16.59,15.263464,2056500.0,2019-04-18T00:00:00
448,ADTN,16.969999,17.58,16.65,17.440001,16.045502,722800.0,2019-04-22T00:00:00
449,ADTN,17.41,17.700001,17.35,17.629999,16.220306,862500.0,2019-04-23T00:00:00
450,ADTN,17.49,17.809999,17.110001,17.780001,16.358311,395600.0,2019-04-24T00:00:00
451,ADTN,17.629999,17.65,17.23,17.25,15.870688,287400.0,2019-04-25T00:00:00
452,ADTN,17.139999,17.290001,16.969999,17.26,15.879893,402100.0,2019-04-26T00:00:00
453,ADTN,17.219999,17.530001,17.15,17.17,15.797088,406000.0,2019-04-29T00:00:00
454,ADTN,17.18,17.43,17.030001,17.139999,15.769482,445800.0,2019-04-30T00:00:00
455,ADTN,17.059999,17.559999,16.889999,17.040001,15.76024,639400.0,2019-05-01T00:00:00
456,ADTN,16.940001,17.23,16.9,17.17,15.880472,206100.0,2019-05-02T00:00:00
457,ADTN,17.16,17.290001,16.860001,17.18,15.889721,292100.0,2019-05-03T00:00:00
458,ADTN,16.879999,17.08,16.67,17.059999,15.778734,186700.0,2019-05-06T00:00:00
459,ADTN,16.809999,16.93,16.549999,16.73,15.473518,971900.0,2019-05-07T00:00:00
460,ADTN,16.610001,16.84,16.450001,16.51,15.270041,286800.0,2019-05-08T00:00:00
461,ADTN,16.27,16.48,16.15,16.41,15.17755,858200.0,2019-05-09T00:00:00
462,ADTN,16.219999,16.389999,16.120001,16.379999,15.1498,173700.0,2019-05-10T00:00:00
463,ADTN,16.049999,16.129999,15.81,15.99,14.789093,1376000.0,2019-05-13T00:00:00
464,ADTN,16.059999,16.360001,15.86,16.34,15.112809,148200.0,2019-05-14T00:00:00
465,ADTN,16.219999,16.52,16.219999,16.43,15.196047,521800.0,2019-05-15T00:00:00
466,ADTN,16.450001,16.65,16.290001,16.34,15.112809,398600.0,2019-05-16T00:00:00
467,ADTN,16.200001,16.370001,16.09,16.190001,14.974072,343700.0,2019-05-17T00:00:00
468,ADTN,16.049999,16.200001,15.85,15.95,14.752099,132400.0,2019-05-20T00:00:00
469,ADTN,16.02,16.110001,15.95,16.1,14.890833,621100.0,2019-05-21T00:00:00
470,ADTN,16.059999,16.48,16.049999,16.379999,15.1498,657100.0,2019-05-22T00:00:00
471,ADTN,16.24,16.34,16.09,16.16,14.946327,685800.0,2019-05-23T00:00:00
472,ADTN,16.299999,16.459999,16.25,16.32,15.09431,545800.0,2019-05-24T00:00:00
473,ADTN,16.34,16.469999,15.94,15.97,14.770596,160600.0,2019-05-28T00:00:00
474,ADTN,15.88,15.88,15.62,15.74,14.557868,960900.0,2019-05-29T00:00:00
475,ADTN,15.8,16.049999,15.76,16.030001,14.826092,150200.0,2019-05-30T00:00:00
476,ADTN,15.84,15.93,15.59,15.68,14.502378,237400.0,2019-05-31T00:00:00
477,ADTN,15.64,15.9,15.64,15.8,14.613364,291700.0,2019-06-03T00:00:00
478,ADTN,15.99,16.41,15.93,16.27,15.048066,530500.0,2019-06-04T00:00:00
479,ADTN,16.35,16.389999,15.97,16.09,14.881583,211100.0,2019-06-05T00:00:00
480,ADTN,16.17,16.42,15.77,16.379999,15.1498,576700.0,2019-06-06T00:00:00
481,ADTN,16.49,16.709999,16.4,16.540001,15.297789,382200.0,2019-06-07T00:00:00
482,ADTN,16.57,16.67,16.280001,16.360001,15.131307,145500.0,2019-06-10T00:00:00
483,ADTN,16.49,16.57,16.27,16.309999,15.085062,332100.0,2019-06-11T00:00:00
484,ADTN,16.26,16.34,16.01,16.110001,14.900081,107200.0,2019-06-12T00:00:00
485,ADTN,16.17,16.530001,16.129999,16.41,15.17755,392100.0,2019-06-13T00:00:00
486,ADTN,16.32,16.360001,16.02,16.200001,14.983325,169700.0,2019-06-14T00:00:00
487,ADTN,16.190001,16.67,16.190001,16.469999,15.233045,202600.0,2019-06-17T00:00:00
488,ADTN,16.6,16.99,16.59,16.690001,15.436523,197600.0,2019-06-18T00:00:00
489,ADTN,16.719999,16.780001,16.35,16.52,15.279288,236100.0,2019-06-19T00:00:00
490,ADTN,16.709999,16.92,16.379999,16.52,15.279288,168000.0,2019-06-20T00:00:00
491,ADTN,16.450001,16.450001,16.02,16.059999,14.853836,656600.0,2019-06-21T00:00:00
492,ADTN,16.059999,16.059999,15.61,15.62,14.446881,230100.0,2019-06-24T00:00:00
493,ADTN,15.6,15.82,15.36,15.4,14.243404,378500.0,2019-06-25T00:00:00
494,ADTN,15.49,15.75,15.36,15.39,14.234157,273600.0,2019-06-26T00:00:00
495,ADTN,15.4,15.62,15.04,15.1,13.965936,258400.0,2019-06-27T00:00:00
496,ADTN,15.13,15.4,15.0,15.25,14.104671,592300.0,2019-06-28T00:00:00
497,ADTN,15.47,15.47,15.09,15.28,14.132417,321000.0,2019-07-01T00:00:00
498,ADTN,15.25,15.37,15.07,15.2,14.058426,270300.0,2019-07-02T00:00:00
499,ADTN,15.17,15.41,15.05,15.37,14.215658,192900.0,2019-07-03T00:00:00
500,ADTN,15.25,15.39,14.98,15.36,14.206409,152800.0,2019-07-05T00:00:00
501,ADTN,15.28,15.34,15.09,15.22,14.076923,146400.0,2019-07-08T00:00:00
502,ADTN,15.12,15.63,15.12,15.62,14.446881,237800.0,2019-07-09T00:00:00
503,ADTN,15.59,15.88,15.59,15.63,14.456133,175400.0,2019-07-10T00:00:00
504,ADTN,15.63,15.79,15.47,15.68,14.502378,185300.0,2019-07-11T00:00:00
505,ADTN,15.65,15.92,15.58,15.72,14.539372,279100.0,2019-07-12T00:00:00
506,ADTN,15.73,15.92,15.57,15.86,14.668858,251800.0,2019-07-15T00:00:00
507,ADTN,15.83,15.93,15.7,15.75,14.567118,195200.0,2019-07-16T00:00:00
508,ADTN,15.71,15.87,15.59,15.82,14.631861,294500.0,2019-07-17T00:00:00
509,ADTN,15.96,16.4,11.86,12.13,11.218992,3143100.0,2019-07-18T00:00:00
510,ADTN,12.1,12.23,11.28,11.53,10.664056,1183800.0,2019-07-19T00:00:00
511,ADTN,11.51,11.73,11.39,11.43,10.571567,691600.0,2019-07-22T00:00:00
512,ADTN,11.49,11.58,11.2,11.32,10.469827,411500.0,2019-07-23T00:00:00
513,ADTN,11.27,11.33,11.1,11.21,10.368089,417700.0,2019-07-24T00:00:00
514,ADTN,11.2,11.33,11.03,11.07,10.238602,329500.0,2019-07-25T00:00:00
515,ADTN,11.13,11.45,11.08,11.43,10.571567,344200.0,2019-07-26T00:00:00
516,ADTN,11.37,11.58,11.33,11.37,10.516071,306900.0,2019-07-29T00:00:00
517,ADTN,11.28,11.45,11.17,11.35,10.497576,357600.0,2019-07-30T00:00:00
518,ADTN,11.29,11.53,11.07,11.11,10.357732,370600.0,2019-07-31T00:00:00
519,ADTN,11.1,11.37,10.84,10.95,10.208565,338500.0,2019-08-01T00:00:00
520,ADTN,10.82,10.82,10.56,10.78,10.050076,211600.0,2019-08-02T00:00:00
521,ADTN,10.58,10.86,10.5,10.79,10.059397,287600.0,2019-08-05T00:00:00
522,ADTN,10.81,11.09,10.69,11.07,10.320438,268000.0,2019-08-06T00:00:00
523,ADTN,10.95,11.11,10.51,11.08,10.329763,185600.0,2019-08-07T00:00:00
524,ADTN,11.18,11.31,11.09,11.21,10.450959,333300.0,2019-08-08T00:00:00
525,ADTN,11.21,11.23,10.93,11.03,10.283149,139600.0,2019-08-09T00:00:00
526,ADTN,10.96,11.12,10.86,11.09,10.339086,241500.0,2019-08-12T00:00:00
527,ADTN,10.97,11.36,10.96,11.19,10.432315,178700.0,2019-08-13T00:00:00
528,ADTN,11.01,11.05,10.87,10.88,10.143305,234700.0,2019-08-14T00:00:00
529,ADTN,10.89,10.93,10.55,10.59,9.872941,278000.0,2019-08-15T00:00:00
530,ADTN,10.7,10.86,10.67,10.75,10.022106,164400.0,2019-08-16T00:00:00
531,ADTN,10.88,11.11,10.88,11.06,10.311117,188600.0,2019-08-19T00:00:00
532,ADTN,11.05,11.09,10.65,10.79,10.059397,206300.0,2019-08-20T00:00:00
533,ADTN,10.88,10.94,10.71,10.86,10.124659,219900.0,2019-08-21T00:00:00
534,ADTN,10.89,11.07,10.72,10.72,9.99414,145500.0,2019-08-22T00:00:00
535,ADTN,10.66,10.66,10.17,10.25,9.555962,359000.0,2019-08-23T00:00:00
536,ADTN,10.36,10.42,10.07,10.28,9.58393,502500.0,2019-08-26T00:00:00
537,ADTN,10.34,10.4,10.03,10.11,9.425442,227200.0,2019-08-27T00:00:00
538,ADTN,10.04,10.3,9.92,10.19,9.500026,174900.0,2019-08-28T00:00:00
539,ADTN,10.31,10.56,10.28,10.5,9.789036,169300.0,2019-08-29T00:00:00
540,ADTN,10.53,10.55,10.24,10.27,9.574609,320700.0,2019-08-30T00:00:00
541,ADTN,10.24,10.33,10.01,10.13,9.444088,234800.0,2019-09-03T00:00:00
542,ADTN,10.17,10.31,10.03,10.1,9.416119,335600.0,2019-09-04T00:00:00
543,ADTN,10.24,10.67,10.24,10.63,9.910233,386900.0,2019-09-05T00:00:00
544,ADTN,10.64,10.75,10.57,10.68,9.956847,138100.0,2019-09-06T00:00:00
545,ADTN,10.72,10.88,10.65,10.77,10.040752,249400.0,2019-09-09T00:00:00
546,ADTN,10.76,11.31,10.75,11.19,10.432315,408200.0,2019-09-10T00:00:00
547,ADTN,11.23,11.56,11.17,11.54,10.758615,434800.0,2019-09-11T00:00:00
548,ADTN,11.52,11.55,11.13,11.22,10.460282,265900.0,2019-09-12T00:00:00
549,ADTN,11.3,11.52,11.16,11.34,10.572158,272600.0,2019-09-13T00:00:00
550,ADTN,11.28,11.66,11.15,11.57,10.786583,198900.0,2019-09-16T00:00:00
551,ADTN,11.53,11.62,11.38,11.58,10.795907,195200.0,2019-09-17T00:00:00
552,ADTN,11.54,11.62,11.34,11.41,10.637419,188500.0,2019-09-18T00:00:00
553,ADTN,11.44,11.62,11.38,11.42,10.646743,143900.0,2019-09-19T00:00:00
554,ADTN,11.45,11.66,11.39,11.47,10.693357,428400.0,2019-09-20T00:00:00
555,ADTN,11.44,11.6,11.2,11.55,10.767939,143500.0,2019-09-23T00:00:00
556,ADTN,11.5,11.71,11.36,11.41,10.637419,323900.0,2019-09-24T00:00:00
557,ADTN,11.41,11.73,11.31,11.7,10.907782,294100.0,2019-09-25T00:00:00
558,ADTN,11.6,11.6,11.2,11.28,10.516221,140700.0,2019-09-26T00:00:00
559,ADTN,11.26,11.47,11.2,11.3,10.534867,174100.0,2019-09-27T00:00:00
560,ADTN,11.37,11.42,11.24,11.35,10.581481,289800.0,2019-09-30T00:00:00
561,ADTN,11.41,11.53,11.01,11.07,10.320438,186500.0,2019-10-01T00:00:00
562,ADTN,11.02,11.5,10.85,11.3,10.534867,321700.0,2019-10-02T00:00:00
563,ADTN,11.22,11.37,11.01,11.29,10.525543,213700.0,2019-10-03T00:00:00
564,ADTN,11.29,11.52,11.21,11.49,10.712001,181500.0,2019-10-04T00:00:00
565,ADTN,11.4,11.59,11.27,11.3,10.534867,403000.0,2019-10-07T00:00:00
566,ADTN,11.25,11.34,11.0,11.05,10.301794,377700.0,2019-10-08T00:00:00
567,ADTN,11.12,11.15,10.78,10.91,10.171272,278800.0,2019-10-09T00:00:00
568,ADTN,8.63,9.23,8.09,8.81,8.213466,1686300.0,2019-10-10T00:00:00
569,ADTN,8.81,9.28,8.81,9.04,8.427894,462700.0,2019-10-11T00:00:00
570,ADTN,9.02,9.23,8.96,9.07,8.455861,358000.0,2019-10-14T00:00:00
571,ADTN,9.11,9.29,9.08,9.26,8.632995,345300.0,2019-10-15T00:00:00
572,ADTN,9.28,9.73,9.28,9.61,8.959299,252800.0,2019-10-16T00:00:00
573,ADTN,9.64,9.94,9.64,9.81,9.145758,218300.0,2019-10-17T00:00:00
574,ADTN,9.78,9.85,9.59,9.63,8.977943,229600.0,2019-10-18T00:00:00
575,ADTN,9.69,9.84,9.38,9.41,8.77284,276100.0,2019-10-21T00:00:00
576,ADTN,9.41,9.51,9.3,9.35,8.716903,262500.0,2019-10-22T00:00:00
577,ADTN,9.36,9.41,9.26,9.34,8.707579,241600.0,2019-10-23T00:00:00
578,ADTN,9.36,9.42,9.04,9.09,8.474507,205100.0,2019-10-24T00:00:00
579,ADTN,9.09,9.51,8.97,9.37,8.735549,261700.0,2019-10-25T00:00:00
580,ADTN,9.43,9.63,9.41,9.43,8.791487,145100.0,2019-10-28T00:00:00
581,ADTN,9.41,9.64,9.35,9.59,8.940652,198200.0,2019-10-29T00:00:00
582,ADTN,9.59,9.69,9.48,9.58,8.931328,225900.0,2019-10-30T00:00:00
583,ADTN,9.71,9.74,8.71,8.81,8.213466,553200.0,2019-10-31T00:00:00
584,ADTN,8.7,9.35,8.5,9.18,8.558414,435600.0,2019-11-01T00:00:00
585,ADTN,9.32,9.65,9.21,9.54,8.894037,307400.0,2019-11-04T00:00:00
586,ADTN,9.52,9.71,9.41,9.47,8.828775,219400.0,2019-11-05T00:00:00
587,ADTN,9.39,9.43,9.12,9.12,8.502475,268900.0,2019-11-06T00:00:00
588,ADTN,9.18,9.53,9.03,9.43,8.791487,384900.0,2019-11-07T00:00:00
589,ADTN,9.42,9.71,9.34,9.63,8.977943,302700.0,2019-11-08T00:00:00
590,ADTN,9.5,9.77,9.39,9.65,8.996589,259200.0,2019-11-11T00:00:00
591,ADTN,9.65,9.75,9.54,9.72,9.06185,280400.0,2019-11-12T00:00:00
592,ADTN,9.51,9.57,9.35,9.37,8.817188,177500.0,2019-11-13T00:00:00
593,ADTN,9.27,9.36,9.21,9.25,8.704268,174400.0,2019-11-14T00:00:00
594,ADTN,9.32,9.39,9.23,9.32,8.770141,185500.0,2019-11-15T00:00:00
595,ADTN,9.28,9.29,9.01,9.08,8.544299,216000.0,2019-11-18T00:00:00
596,ADTN,9.14,9.26,8.94,9.07,8.534887,217400.0,2019-11-19T00:00:00
597,ADTN,8.99,9.08,8.84,8.87,8.346689,221400.0,2019-11-20T00:00:00
598,ADTN,8.88,8.88,8.62,8.65,8.139668,234100.0,2019-11-21T00:00:00
599,ADTN,8.71,8.87,8.65,8.8,8.280818,150800.0,2019-11-22T00:00:00
600,ADTN,8.76,9.34,8.69,9.26,8.713678,375100.0,2019-11-25T00:00:00
601,ADTN,9.26,9.48,9.14,9.23,8.685448,331100.0,2019-11-26T00:00:00
602,ADTN,9.22,9.39,9.18,9.22,8.676038,163900.0,2019-11-27T00:00:00
603,ADTN,9.21,9.29,9.13,9.19,8.647809,111400.0,2019-11-29T00:00:00
604,ADTN,9.23,9.32,8.9,9.08,8.544299,303000.0,2019-12-02T00:00:00
605,ADTN,8.95,9.11,8.89,9.04,8.50666,189800.0,2019-12-03T00:00:00
606,ADTN,9.08,9.19,8.9,8.93,8.403149,232400.0,2019-12-04T00:00:00
607,ADTN,8.93,8.96,8.81,8.91,8.384328,281200.0,2019-12-05T00:00:00
608,ADTN,8.93,8.99,8.75,8.86,8.337277,410100.0,2019-12-06T00:00:00
609,ADTN,8.84,9.23,8.84,9.13,8.591347,274600.0,2019-12-09T00:00:00
610,ADTN,9.12,9.19,9.03,9.15,8.610168,248600.0,2019-12-10T00:00:00
611,ADTN,9.14,9.33,9.12,9.31,8.76073,133200.0,2019-12-11T00:00:00
612,ADTN,9.37,9.58,9.34,9.44,8.88306,226600.0,2019-12-12T00:00:00
613,ADTN,9.43,9.5,9.21,9.37,8.817188,237200.0,2019-12-13T00:00:00
614,ADTN,9.47,9.74,9.34,9.45,8.892469,191200.0,2019-12-16T00:00:00
615,ADTN,9.46,9.47,9.31,9.43,8.87365,252900.0,2019-12-17T00:00:00
616,ADTN,9.46,9.66,9.39,9.56,8.99598,167500.0,2019-12-18T00:00:00
617,ADTN,9.53,9.55,9.42,9.49,8.93011,329600.0,2019-12-19T00:00:00
618,ADTN,9.47,9.52,9.34,9.44,8.88306,857900.0,2019-12-20T00:00:00
619,ADTN,9.44,9.72,9.36,9.62,9.052441,163500.0,2019-12-23T00:00:00
620,ADTN,9.63,9.84,9.57,9.71,9.13713,117100.0,2019-12-24T00:00:00
621,ADTN,9.69,9.82,9.61,9.8,9.22182,151200.0,2019-12-26T00:00:00
622,ADTN,9.84,9.84,9.7,9.74,9.16536,164700.0,2019-12-27T00:00:00
623,ADTN,9.79,9.93,9.65,9.83,9.250051,154000.0,2019-12-30T00:00:00
624,ADTN,9.76,9.97,9.73,9.89,9.30651,413100.0,2019-12-31T00:00:00
625,ADTN,9.99,10.12,9.91,10.01,9.41943,175800.0,2020-01-02T00:00:00
626,ADTN,9.87,9.97,9.73,9.96,9.372381,227200.0,2020-01-03T00:00:00
627,ADTN,9.87,10.0,9.82,9.98,9.3912,125200.0,2020-01-06T00:00:00
628,ADTN,9.97,10.0,9.72,9.89,9.30651,204600.0,2020-01-07T00:00:00
629,ADTN,9.85,10.0,9.81,9.93,9.344152,138300.0,2020-01-08T00:00:00
630,ADTN,9.91,9.94,9.7,9.79,9.21241,246800.0,2020-01-09T00:00:00
631,ADTN,9.78,9.92,9.74,9.8,9.22182,121600.0,2020-01-10T00:00:00
632,ADTN,9.81,10.02,9.74,10.02,9.428842,130500.0,2020-01-13T00:00:00
633,ADTN,9.95,9.99,9.86,9.94,9.353562,165900.0,2020-01-14T00:00:00
634,ADTN,9.93,10.18,9.93,10.12,9.52294,125900.0,2020-01-15T00:00:00
635,ADTN,10.23,10.41,10.21,10.24,9.63586,144200.0,2020-01-16T00:00:00
636,ADTN,10.32,10.32,10.19,10.3,9.69232,166200.0,2020-01-17T00:00:00
637,ADTN,10.25,10.38,10.16,10.27,9.66409,215000.0,2020-01-21T00:00:00
638,ADTN,10.31,10.37,10.07,10.17,9.569991,143000.0,2020-01-22T00:00:00
639,ADTN,10.15,10.15,9.97,10.06,9.466483,358000.0,2020-01-23T00:00:00
640,ADTN,10.06,10.1,9.86,9.89,9.30651,175800.0,2020-01-24T00:00:00
641,ADTN,9.73,9.73,9.57,9.57,9.005389,381500.0,2020-01-27T00:00:00
642,ADTN,9.6,9.81,9.6,9.65,9.080669,161300.0,2020-01-28T00:00:00
643,ADTN,9.63,9.75,9.44,9.47,8.911288,210600.0,2020-01-29T00:00:00
644,ADTN,9.38,9.48,9.31,9.41,8.854829,220800.0,2020-01-30T00:00:00
645,ADTN,9.35,9.36,9.03,9.05,8.516068,229300.0,2020-01-31T00:00:00
646,ADTN,9.12,9.3,9.1,9.29,8.741909,228800.0,2020-02-03T00:00:00
647,ADTN,9.42,9.69,9.42,9.58,9.014799,156500.0,2020-02-04T00:00:00
648,ADTN,9.65,9.94,9.6,9.93,9.344152,244900.0,2020-02-05T00:00:00
649,ADTN,10.3,10.85,9.53,9.61,9.043029,415900.0,2020-02-06T00:00:00
650,ADTN,9.54,9.61,8.45,8.63,8.120847,591000.0,2020-02-07T00:00:00
651,ADTN,8.58,8.73,8.4,8.61,8.102028,304300.0,2020-02-10T00:00:00
652,ADTN,8.66,8.99,8.63,8.89,8.365509,377200.0,2020-02-11T00:00:00
653,ADTN,9.01,9.39,8.88,9.12,8.581939,363100.0,2020-02-12T00:00:00
654,ADTN,9.02,9.15,8.92,9.06,8.525479,219700.0,2020-02-13T00:00:00
655,ADTN,9.02,9.1,8.78,9.02,8.48784,182100.0,2020-02-14T00:00:00
656,ADTN,8.94,9.05,8.48,8.6,8.092617,276200.0,2020-02-18T00:00:00
657,ADTN,8.56,8.73,8.51,8.61,8.187712,229500.0,2020-02-19T00:00:00
658,ADTN,9.06,9.36,9.02,9.17,8.720247,306300.0,2020-02-20T00:00:00
659,ADTN,9.14,9.4,9.02,9.36,8.900928,352800.0,2020-02-21T00:00:00
660,ADTN,9.0,9.23,8.9,9.09,8.644171,227800.0,2020-02-24T00:00:00
661,ADTN,9.07,9.14,8.53,8.63,8.206732,784300.0,2020-02-25T00:00:00
662,ADTN,8.68,8.74,8.42,8.5,8.083108,214700.0,2020-02-26T00:00:00
663,ADTN,8.31,8.44,8.03,8.03,7.636159,307100.0,2020-02-27T00:00:00
664,ADTN,7.83,8.16,7.65,8.05,7.655179,583400.0,2020-02-28T00:00:00
665,ADTN,8.08,8.16,7.9,8.14,7.740767,326400.0,2020-03-02T00:00:00
666,ADTN,8.11,8.32,7.85,8.08,7.683707,325400.0,2020-03-03T00:00:00
667,ADTN,8.19,8.35,7.98,8.35,7.940466,182100.0,2020-03-04T00:00:00
668,ADTN,8.14,8.2,7.92,8.07,7.674198,682200.0,2020-03-05T00:00:00
669,ADTN,7.85,8.23,7.71,7.87,7.484007,261100.0,2020-03-06T00:00:00
670,ADTN,7.35,7.39,6.9,7.07,6.723244,210100.0,2020-03-09T00:00:00
671,ADTN,7.36,7.43,6.96,7.34,6.980002,423600.0,2020-03-10T00:00:00
672,ADTN,7.12,7.18,6.67,6.84,6.504525,450700.0,2020-03-11T00:00:00
673,ADTN,6.28,6.69,6.09,6.29,5.981501,368900.0,2020-03-12T00:00:00
674,ADTN,6.65,6.67,5.99,6.39,6.076595,354300.0,2020-03-13T00:00:00
675,ADTN,5.78,6.24,5.75,5.9,5.610628,445400.0,2020-03-16T00:00:00
676,ADTN,6.04,6.12,5.1,5.12,4.868884,1153000.0,2020-03-17T00:00:00
677,ADTN,4.98,5.21,4.8,5.15,4.897413,423700.0,2020-03-18T00:00:00
678,ADTN,5.2,6.54,5.2,6.2,5.895914,695000.0,2020-03-19T00:00:00
679,ADTN,6.26,6.53,5.58,5.8,5.515532,545300.0,2020-03-20T00:00:00
680,ADTN,5.79,5.8,5.37,5.57,5.296813,306300.0,2020-03-23T00:00:00
681,ADTN,5.82,6.38,5.75,6.35,6.038557,318300.0,2020-03-24T00:00:00
682,ADTN,6.35,6.95,6.15,6.2,5.895914,482300.0,2020-03-25T00:00:00
683,ADTN,6.62,7.87,6.31,7.78,7.398422,482900.0,2020-03-26T00:00:00
684,ADTN,7.7,8.14,7.14,8.05,7.655179,588800.0,2020-03-27T00:00:00
685,ADTN,8.19,8.25,7.6,8.03,7.636159,410700.0,2020-03-30T00:00:00
686,ADTN,8.03,8.27,7.12,7.68,7.303326,559000.0,2020-03-31T00:00:00
687,ADTN,7.56,7.85,7.55,7.68,7.303326,641900.0,2020-04-01T00:00:00
688,ADTN,7.68,8.11,7.49,7.95,7.560084,319000.0,2020-04-02T00:00:00
689,ADTN,7.91,8.35,7.85,8.26,7.85488,509400.0,2020-04-03T00:00:00
690,ADTN,8.65,8.81,8.15,8.73,8.301826,352000.0,2020-04-06T00:00:00
691,ADTN,8.9,9.33,8.51,8.76,8.330357,494100.0,2020-04-07T00:00:00
692,ADTN,8.82,9.27,8.72,9.21,8.758286,437200.0,2020-04-08T00:00:00
693,ADTN,9.38,9.48,8.55,9.24,8.786814,424100.0,2020-04-09T00:00:00
694,ADTN,9.23,9.34,8.77,8.95,8.511037,277000.0,2020-04-13T00:00:00
695,ADTN,9.11,9.17,8.5,8.63,8.206732,419800.0,2020-04-14T00:00:00
696,ADTN,8.34,8.43,8.13,8.25,7.845369,252700.0,2020-04-15T00:00:00
697,ADTN,8.22,8.43,8.01,8.29,7.883409,295700.0,2020-04-16T00:00:00
698,ADTN,9.56,10.11,9.27,9.49,9.024553,732300.0,2020-04-17T00:00:00
699,ADTN,9.31,9.78,8.87,9.69,9.214741,619400.0,2020-04-20T00:00:00
700,ADTN,9.42,9.57,8.64,8.67,8.244771,258700.0,2020-04-21T00:00:00
701,ADTN,8.87,9.29,8.66,8.84,8.406433,339800.0,2020-04-22T00:00:00
702,ADTN,8.87,9.56,8.87,9.28,8.824851,253500.0,2020-04-23T00:00:00
703,ADTN,9.31,9.62,9.3,9.57,9.100628,271800.0,2020-04-24T00:00:00
704,ADTN,9.59,10.24,9.59,9.99,9.500029,278900.0,2020-04-27T00:00:00
705,ADTN,10.23,10.27,9.83,10.06,9.566597,269200.0,2020-04-28T00:00:00
706,ADTN,10.32,10.81,10.2,10.67,10.14668,421600.0,2020-04-29T00:00:00
707,ADTN,10.52,10.53,10.1,10.28,9.775806,290700.0,2020-04-30T00:00:00
708,ADTN,10.0,10.11,9.61,9.98,9.49052,306700.0,2020-05-01T00:00:00
709,ADTN,9.8,10.05,9.65,10.0,9.509538,404300.0,2020-05-04T00:00:00
710,ADTN,9.99,10.4,9.96,10.07,9.576106,232600.0,2020-05-05T00:00:00
711,ADTN,10.09,10.52,9.9,10.27,9.766297,410000.0,2020-05-06T00:00:00
712,ADTN,10.19,11.92,10.19,11.65,11.078611,1139700.0,2020-05-07T00:00:00
713,ADTN,12.0,12.0,11.13,11.39,10.831366,793100.0,2020-05-08T00:00:00
714,ADTN,11.25,11.27,10.6,10.67,10.14668,564200.0,2020-05-11T00:00:00
715,ADTN,10.87,11.4,10.62,11.06,10.51755,376600.0,2020-05-12T00:00:00
716,ADTN,10.9,11.11,9.97,10.28,9.775806,415500.0,2020-05-13T00:00:00
717,ADTN,10.15,10.44,9.97,10.29,9.785314,287200.0,2020-05-14T00:00:00
718,ADTN,10.33,10.65,10.22,10.4,9.889918,367500.0,2020-05-15T00:00:00
719,ADTN,10.97,11.05,10.59,10.99,10.450985,402200.0,2020-05-18T00:00:00
720,ADTN,10.92,11.31,10.84,11.0,10.460491,305700.0,2020-05-19T00:00:00
721,ADTN,11.05,11.12,10.8,11.01,10.556374,281400.0,2020-05-20T00:00:00
722,ADTN,11.0,11.25,10.91,10.94,10.489256,265100.0,2020-05-21T00:00:00
723,ADTN,10.89,11.2,10.81,11.2,10.738545,214100.0,2020-05-22T00:00:00
724,ADTN,11.64,11.72,11.06,11.14,10.681017,288600.0,2020-05-26T00:00:00
725,ADTN,11.35,11.39,10.95,11.38,10.911129,327600.0,2020-05-27T00:00:00
726,ADTN,11.5,11.62,11.05,11.14,10.681017,278900.0,2020-05-28T00:00:00
727,ADTN,11.05,11.43,10.73,11.4,10.930305,440700.0,2020-05-29T00:00:00
728,ADTN,11.45,11.94,11.26,11.74,11.256296,488200.0,2020-06-01T00:00:00
729,ADTN,11.76,11.76,11.05,11.28,10.815248,262700.0,2020-06-02T00:00:00
730,ADTN,11.49,11.83,11.49,11.62,11.141239,233800.0,2020-06-03T00:00:00
731,ADTN,11.5,11.79,11.29,11.44,10.968657,420700.0,2020-06-04T00:00:00
732,ADTN,11.72,11.86,11.47,11.51,11.035772,469800.0,2020-06-05T00:00:00
733,ADTN,11.69,12.49,11.64,12.06,11.563112,829700.0,2020-06-08T00:00:00
734,ADTN,11.92,11.98,11.52,11.61,11.131652,309200.0,2020-06-09T00:00:00
735,ADTN,11.64,11.64,11.32,11.5,11.026183,319600.0,2020-06-10T00:00:00
736,ADTN,11.12,11.2,10.26,10.26,9.837274,469100.0,2020-06-11T00:00:00
737,ADTN,10.68,10.96,10.3,10.52,10.086562,304500.0,2020-06-12T00:00:00
738,ADTN,10.54,10.8,10.29,10.77,10.326262,339400.0,2020-06-15T00:00:00
739,ADTN,11.34,11.58,11.03,11.13,10.671429,342100.0,2020-06-16T00:00:00
740,ADTN,11.07,11.32,10.94,11.01,10.556374,281600.0,2020-06-17T00:00:00
741,ADTN,10.92,11.3,10.92,11.18,10.719369,346500.0,2020-06-18T00:00:00
742,ADTN,11.28,11.45,10.88,11.01,10.556374,786600.0,2020-06-19T00:00:00
743,ADTN,10.92,11.07,10.72,10.98,10.527607,336700.0,2020-06-22T00:00:00
744,ADTN,11.2,11.2,10.78,10.97,10.518022,445100.0,2020-06-23T00:00:00
745,ADTN,11.0,11.08,10.09,10.42,9.990682,764700.0,2020-06-24T00:00:00
746,ADTN,10.39,10.49,10.22,10.46,10.029035,274900.0,2020-06-25T00:00:00
747,ADTN,10.43,10.7,10.28,10.62,10.182441,546400.0,2020-06-26T00:00:00
748,ADTN,10.74,11.0,10.57,10.81,10.364614,402600.0,2020-06-29T00:00:00
749,ADTN,10.6,10.96,10.6,10.93,10.47967,239600.0,2020-06-30T00:00:00
750,ADTN,10.93,11.0,10.56,10.61,10.172853,252900.0,2020-07-01T00:00:00
751,ADTN,10.77,10.94,10.49,10.52,10.086562,216100.0,2020-07-02T00:00:00
752,ADTN,10.8,11.31,10.66,11.24,10.776896,362000.0,2020-07-06T00:00:00
753,ADTN,11.1,11.35,11.0,11.02,10.565961,308800.0,2020-07-07T00:00:00
754,ADTN,11.01,11.21,10.85,11.04,10.585136,330300.0,2020-07-08T00:00:00
755,ADTN,11.02,11.15,10.85,11.08,10.623489,233100.0,2020-07-09T00:00:00
756,ADTN,11.09,11.11,10.86,10.92,10.470081,154800.0,2020-07-10T00:00:00
757,ADTN,11.04,11.25,10.85,10.86,10.412552,278600.0,2020-07-13T00:00:00
758,ADTN,10.91,11.08,10.73,11.06,10.604313,228300.0,2020-07-14T00:00:00
759,ADTN,11.31,11.57,11.14,11.32,10.8536,301900.0,2020-07-15T00:00:00
760,ADTN,11.26,11.27,10.98,11.07,10.613899,209800.0,2020-07-16T00:00:00
761,ADTN,11.05,11.55,11.05,11.5,11.026183,356500.0,2020-07-17T00:00:00
762,ADTN,11.47,11.86,11.33,11.63,11.150829,466000.0,2020-07-20T00:00:00
763,ADTN,11.83,12.13,11.59,11.7,11.217944,288800.0,2020-07-21T00:00:00
764,ADTN,11.76,12.62,11.75,12.55,12.032922,773600.0,2020-07-22T00:00:00
765,ADTN,12.67,12.89,12.45,12.82,12.291798,450400.0,2020-07-23T00:00:00
766,ADTN,12.72,12.83,12.48,12.6,12.080863,261000.0,2020-07-24T00:00:00
767,ADTN,12.63,12.8,12.58,12.76,12.23427,226500.0,2020-07-27T00:00:00
768,ADTN,12.6,12.68,12.2,12.24,11.735694,313000.0,2020-07-28T00:00:00
769,ADTN,12.29,12.56,12.29,12.39,11.879514,185000.0,2020-07-29T00:00:00
770,ADTN,12.1,12.31,11.98,12.25,11.745282,220700.0,2020-07-30T00:00:00
771,ADTN,12.25,12.45,12.08,12.42,11.908278,309000.0,2020-07-31T00:00:00
772,ADTN,12.51,12.59,12.35,12.51,11.994571,265800.0,2020-08-03T00:00:00
773,ADTN,12.43,12.91,12.35,12.86,12.33015,354900.0,2020-08-04T00:00:00
774,ADTN,12.77,13.2,12.76,12.84,12.310974,352900.0,2020-08-05T00:00:00
775,ADTN,12.72,13.2,11.55,12.13,11.630228,750100.0,2020-08-06T00:00:00
776,ADTN,12.2,12.75,12.17,12.4,11.889102,325800.0,2020-08-07T00:00:00
777,ADTN,12.46,12.56,12.04,12.11,11.611052,330500.0,2020-08-10T00:00:00
778,ADTN,12.2,12.6,12.05,12.11,11.611052,253200.0,2020-08-11T00:00:00
779,ADTN,12.26,12.51,12.15,12.24,11.735694,218400.0,2020-08-12T00:00:00
780,ADTN,12.15,12.46,12.01,12.33,11.821987,208900.0,2020-08-13T00:00:00
781,ADTN,12.29,12.37,12.12,12.18,11.678167,150600.0,2020-08-14T00:00:00
782,ADTN,12.19,12.32,12.06,12.1,11.601463,216800.0,2020-08-17T00:00:00
783,ADTN,12.11,12.23,11.94,12.11,11.611052,231000.0,2020-08-18T00:00:00
784,ADTN,12.04,12.32,11.91,11.99,11.582072,214800.0,2020-08-19T00:00:00
785,ADTN,11.87,12.18,11.73,11.83,11.427515,196800.0,2020-08-20T00:00:00
786,ADTN,11.75,11.92,11.48,11.57,11.176361,173700.0,2020-08-21T00:00:00
787,ADTN,11.68,11.75,11.38,11.56,11.166702,236600.0,2020-08-24T00:00:00
788,ADTN,11.58,11.79,11.58,11.73,11.330918,216700.0,2020-08-25T00:00:00
789,ADTN,11.75,12.0,11.66,11.69,11.292277,219300.0,2020-08-26T00:00:00
790,ADTN,11.8,11.86,11.27,11.28,10.896228,223200.0,2020-08-27T00:00:00
791,ADTN,11.39,11.49,11.09,11.22,10.838268,176400.0,2020-08-28T00:00:00
792,ADTN,11.23,11.29,10.97,11.09,10.712691,319300.0,2020-08-31T00:00:00
793,ADTN,11.05,11.28,10.96,11.21,10.828609,276800.0,2020-09-01T00:00:00
794,ADTN,11.22,11.52,11.13,11.44,11.050784,159300.0,2020-09-02T00:00:00
795,ADTN,10.98,10.98,10.32,10.4,10.046165,369600.0,2020-09-03T00:00:00
796,ADTN,10.52,10.64,10.22,10.45,10.094466,273200.0,2020-09-04T00:00:00
797,ADTN,10.3,10.41,10.15,10.19,9.843311,262300.0,2020-09-08T00:00:00
798,ADTN,10.23,10.59,10.02,10.22,9.872292,245000.0,2020-09-09T00:00:00
799,ADTN,10.32,10.41,10.07,10.08,9.737055,248900.0,2020-09-10T00:00:00
800,ADTN,10.16,10.41,10.05,10.32,9.968889,214000.0,2020-09-11T00:00:00
801,ADTN,10.35,10.57,10.16,10.52,10.162086,179400.0,2020-09-14T00:00:00
802,ADTN,10.65,10.95,10.41,10.55,10.191063,427000.0,2020-09-15T00:00:00
803,ADTN,10.63,10.75,10.56,10.6,10.239364,214400.0,2020-09-16T00:00:00
804,ADTN,10.37,10.52,10.27,10.35,9.99787,274000.0,2020-09-17T00:00:00
805,ADTN,10.43,10.53,10.15,10.48,10.123445,633600.0,2020-09-18T00:00:00
806,ADTN,10.27,10.32,10.11,10.3,9.949571,276400.0,2020-09-21T00:00:00
807,ADTN,10.35,10.35,10.06,10.24,9.891611,182000.0,2020-09-22T00:00:00
808,ADTN,10.22,10.4,9.81,9.88,9.543859,260300.0,2020-09-23T00:00:00
809,ADTN,9.76,10.12,9.66,9.81,9.47624,205600.0,2020-09-24T00:00:00
810,ADTN,9.79,10.37,9.77,9.93,9.592157,130600.0,2020-09-25T00:00:00
811,ADTN,10.07,10.33,10.07,10.21,9.862632,224200.0,2020-09-28T00:00:00
812,ADTN,10.23,10.49,10.23,10.39,10.036509,150700.0,2020-09-29T00:00:00
813,ADTN,10.37,10.51,10.17,10.26,9.910931,189500.0,2020-09-30T00:00:00
814,ADTN,10.33,10.39,10.13,10.3,9.949571,156300.0,2020-10-01T00:00:00
815,ADTN,10.09,10.42,10.09,10.35,9.99787,181200.0,2020-10-02T00:00:00
816,ADTN,10.51,10.8,10.43,10.79,10.422898,179900.0,2020-10-05T00:00:00
817,ADTN,10.84,10.97,10.51,10.52,10.162086,211300.0,2020-10-06T00:00:00
818,ADTN,10.61,11.12,10.52,11.02,10.645074,291700.0,2020-10-07T00:00:00
819,ADTN,11.18,11.22,10.77,10.97,10.596775,137900.0,2020-10-08T00:00:00
820,ADTN,11.11,11.27,10.86,10.89,10.519496,171400.0,2020-10-09T00:00:00
821,ADTN,11.04,11.25,10.72,11.05,10.674053,215600.0,2020-10-12T00:00:00
822,ADTN,10.93,10.97,10.75,10.84,10.471198,238200.0,2020-10-13T00:00:00
823,ADTN,10.84,10.92,10.74,10.86,10.490516,162400.0,2020-10-14T00:00:00
824,ADTN,10.82,11.17,10.7,11.1,10.722353,145200.0,2020-10-15T00:00:00
825,ADTN,11.07,11.33,10.86,10.88,10.509837,136700.0,2020-10-16T00:00:00
826,ADTN,11.24,11.68,11.15,11.41,11.021805,360100.0,2020-10-19T00:00:00
827,ADTN,11.53,11.78,11.46,11.64,11.243979,342100.0,2020-10-20T00:00:00
828,ADTN,12.02,12.86,12.02,12.15,11.736628,458100.0,2020-10-21T00:00:00
829,ADTN,12.2,12.45,11.96,12.29,11.871864,240600.0,2020-10-22T00:00:00
830,ADTN,12.34,12.5,12.17,12.42,11.997442,193100.0,2020-10-23T00:00:00
831,ADTN,12.23,12.33,11.82,12.01,11.601392,285900.0,2020-10-26T00:00:00
832,ADTN,12.0,12.01,11.38,11.53,11.137722,273800.0,2020-10-27T00:00:00
833,ADTN,11.3,11.37,10.87,10.9,10.529157,235200.0,2020-10-28T00:00:00
834,ADTN,10.97,11.15,10.87,10.98,10.606433,294900.0,2020-10-29T00:00:00
835,ADTN,10.96,11.1,10.67,10.69,10.326302,430200.0,2020-10-30T00:00:00
836,ADTN,10.86,11.33,10.7,11.31,10.925208,402600.0,2020-11-02T00:00:00
837,ADTN,12.06,12.06,10.66,11.17,10.789969,557200.0,2020-11-03T00:00:00
838,ADTN,11.99,12.93,11.84,12.02,11.611053,546700.0,2020-11-04T00:00:00
839,ADTN,12.18,12.98,12.1,12.88,12.441792,552800.0,2020-11-05T00:00:00
840,ADTN,12.88,12.88,12.02,12.19,11.775267,355700.0,2020-11-06T00:00:00
841,ADTN,12.9,12.97,11.73,11.77,11.369556,366800.0,2020-11-09T00:00:00
842,ADTN,11.87,12.47,11.77,12.39,11.968462,344300.0,2020-11-10T00:00:00
843,ADTN,12.38,12.53,12.12,12.51,12.08438,205800.0,2020-11-11T00:00:00
844,ADTN,12.42,12.67,12.17,12.33,11.910504,266500.0,2020-11-12T00:00:00
845,ADTN,12.51,12.76,12.22,12.65,12.219615,252300.0,2020-11-13T00:00:00
846,ADTN,12.73,12.95,12.34,12.65,12.307177,310200.0,2020-11-16T00:00:00
847,ADTN,12.62,12.62,12.26,12.51,12.170973,179700.0,2020-11-17T00:00:00
848,ADTN,12.54,12.77,12.38,12.42,12.083411,267700.0,2020-11-18T00:00:00
849,ADTN,12.35,12.5,12.06,12.28,11.947206,124000.0,2020-11-19T00:00:00
850,ADTN,12.16,12.3,12.08,12.17,11.840188,153900.0,2020-11-20T00:00:00
851,ADTN,12.25,12.44,12.09,12.31,11.976393,190700.0,2020-11-23T00:00:00
852,ADTN,12.39,12.7,12.24,12.54,12.200158,265600.0,2020-11-24T00:00:00
853,ADTN,12.58,12.67,12.42,12.5,12.161242,159000.0,2020-11-25T00:00:00
854,ADTN,12.68,13.24,12.6,12.85,12.501758,205200.0,2020-11-27T00:00:00
855,ADTN,12.98,13.2,12.52,12.64,12.297449,269800.0,2020-11-30T00:00:00
856,ADTN,12.86,13.25,12.62,12.72,12.375281,272500.0,2020-12-01T00:00:00
857,ADTN,12.64,12.84,12.47,12.76,12.414197,193000.0,2020-12-02T00:00:00
858,ADTN,12.81,14.58,12.66,14.26,13.873547,1167700.0,2020-12-03T00:00:00
859,ADTN,14.29,14.75,13.7,14.66,14.262707,545000.0,2020-12-04T00:00:00
860,ADTN,14.79,15.26,14.53,14.62,14.223791,318700.0,2020-12-07T00:00:00
861,ADTN,15.08,15.15,14.52,15.12,14.710239,428500.0,2020-12-08T00:00:00
862,ADTN,15.15,15.6,14.37,14.52,14.126501,338400.0,2020-12-09T00:00:00
863,ADTN,14.47,14.54,14.2,14.36,13.970837,237500.0,2020-12-10T00:00:00
864,ADTN,14.21,14.36,13.88,14.07,13.688695,252800.0,2020-12-11T00:00:00
865,ADTN,14.22,14.32,13.87,14.19,13.805444,305600.0,2020-12-14T00:00:00
866,ADTN,14.2,14.72,14.2,14.65,14.252976,316200.0,2020-12-15T00:00:00
867,ADTN,14.58,14.82,14.5,14.62,14.223791,271700.0,2020-12-16T00:00:00
868,ADTN,14.73,15.04,14.66,15.04,14.632407,223100.0,2020-12-17T00:00:00
869,ADTN,15.11,15.39,14.96,15.14,14.729698,843000.0,2020-12-18T00:00:00
870,ADTN,14.8,14.97,14.51,14.85,14.447557,217700.0,2020-12-21T00:00:00
871,ADTN,14.82,15.06,14.77,15.01,14.603221,161100.0,2020-12-22T00:00:00
872,ADTN,15.1,15.19,14.9,15.02,14.612951,180400.0,2020-12-23T00:00:00
873,ADTN,15.07,15.19,14.95,15.02,14.612951,54400.0,2020-12-24T00:00:00
874,ADTN,15.16,16.18,15.16,15.75,15.323166,547000.0,2020-12-28T00:00:00
875,ADTN,15.86,15.86,14.64,14.84,14.437829,358700.0,2020-12-29T00:00:00
876,ADTN,14.86,15.02,14.65,14.74,14.340537,190300.0,2020-12-30T00:00:00
877,ADTN,14.73,14.81,14.54,14.77,14.369726,221800.0,2020-12-31T00:00:00
878,ADTN,14.69,15.2,14.37,14.73,14.330809,361800.0,2021-01-04T00:00:00
879,ADTN,14.6,15.09,14.58,14.99,14.583762,233700.0,2021-01-05T00:00:00
880,ADTN,14.9,15.58,14.81,15.45,15.031298,386200.0,2021-01-06T00:00:00
881,ADTN,15.31,15.65,15.22,15.61,15.18696,196600.0,2021-01-07T00:00:00
882,ADTN,15.61,15.83,15.35,15.73,15.303708,283000.0,2021-01-08T00:00:00
883,ADTN,15.55,15.83,15.51,15.68,15.255064,184700.0,2021-01-11T00:00:00
884,ADTN,15.79,16.290001,15.79,16.1,15.663682,209400.0,2021-01-12T00:00:00
885,ADTN,16.0,16.1,15.91,16.02,15.585851,158200.0,2021-01-13T00:00:00
886,ADTN,16.190001,16.91,16.190001,16.74,16.286337,267300.0,2021-01-14T00:00:00
887,ADTN,16.59,16.76,16.129999,16.709999,16.257151,258400.0,2021-01-15T00:00:00
888,ADTN,16.809999,17.09,16.530001,17.0,16.539291,362300.0,2021-01-19T00:00:00
889,ADTN,17.18,17.9,17.18,17.620001,17.142488,481800.0,2021-01-20T00:00:00
890,ADTN,17.870001,17.870001,16.75,17.139999,16.675499,365300.0,2021-01-21T00:00:00
891,ADTN,17.040001,17.549999,16.799999,17.51,17.035471,232500.0,2021-01-22T00:00:00
892,ADTN,17.450001,17.73,17.1,17.52,17.0452,208000.0,2021-01-25T00:00:00
893,ADTN,17.709999,17.74,17.18,17.49,17.016008,297200.0,2021-01-26T00:00:00
894,ADTN,17.129999,18.450001,17.01,18.02,17.531651,454800.0,2021-01-27T00:00:00
895,ADTN,18.35,18.35,17.07,17.5,17.025738,397400.0,2021-01-28T00:00:00
896,ADTN,17.5,18.110001,17.139999,17.200001,16.73387,330600.0,2021-01-29T00:00:00
897,ADTN,17.280001,17.52,16.809999,17.219999,16.753326,327000.0,2021-02-01T00:00:00
898,ADTN,17.32,17.59,16.700001,17.0,16.539291,267500.0,2021-02-02T00:00:00
899,ADTN,17.0,17.17,16.58,17.120001,16.656042,389100.0,2021-02-03T00:00:00
900,ADTN,17.07,17.16,15.62,16.09,15.653954,741100.0,2021-02-04T00:00:00
901,ADTN,16.93,17.370001,16.09,16.110001,15.673411,400700.0,2021-02-05T00:00:00
902,ADTN,16.32,17.030001,16.32,16.940001,16.480915,344600.0,2021-02-08T00:00:00
903,ADTN,16.870001,17.030001,16.459999,16.889999,16.432272,243000.0,2021-02-09T00:00:00
904,ADTN,16.950001,16.950001,16.209999,16.379999,15.936091,403100.0,2021-02-10T00:00:00
905,ADTN,16.52,16.6,15.93,16.15,15.712326,260300.0,2021-02-11T00:00:00
906,ADTN,16.15,16.83,16.15,16.440001,15.994467,277800.0,2021-02-12T00:00:00
907,ADTN,16.549999,16.879999,16.15,16.25,15.809616,254400.0,2021-02-16T00:00:00
908,ADTN,15.95,16.08,15.54,15.96,15.613952,279800.0,2021-02-17T00:00:00
909,ADTN,15.75,15.83,15.46,15.52,15.183493,476700.0,2021-02-18T00:00:00
910,ADTN,15.56,16.42,15.56,16.110001,15.760702,312600.0,2021-02-19T00:00:00
911,ADTN,15.99,16.540001,15.98,16.5,16.142244,247700.0,2021-02-22T00:00:00
912,ADTN,16.290001,16.530001,15.57,16.379999,16.024845,447800.0,2021-02-23T00:00:00
913,ADTN,16.58,17.67,16.58,17.51,17.130344,638600.0,2021-02-24T00:00:00
914,ADTN,17.5,17.860001,16.98,17.1,16.729237,284400.0,2021-02-25T00:00:00
915,ADTN,17.25,17.440001,16.559999,16.84,16.474874,315100.0,2021-02-26T00:00:00
916,ADTN,17.17,17.719999,17.17,17.719999,17.335791,267300.0,2021-03-01T00:00:00
917,ADTN,17.690001,17.76,16.969999,16.99,16.62162,173300.0,2021-03-02T00:00:00
918,ADTN,17.139999,17.209999,16.65,16.790001,16.425957,217500.0,2021-03-03T00:00:00
919,ADTN,16.780001,17.110001,15.88,16.209999,15.858531,271600.0,2021-03-04T00:00:00
920,ADTN,16.440001,16.610001,15.28,16.52,16.161812,343800.0,2021-03-05T00:00:00
921,ADTN,16.620001,17.299999,16.299999,16.98,16.611835,284200.0,2021-03-08T00:00:00
922,ADTN,17.35,17.74,17.219999,17.48,17.100996,257700.0,2021-03-09T00:00:00
923,ADTN,17.66,17.870001,17.34,17.57,17.189045,208600.0,2021-03-10T00:00:00
924,ADTN,17.73,18.440001,17.73,18.059999,17.668421,337600.0,2021-03-11T00:00:00
925,ADTN,17.969999,18.35,17.84,18.290001,17.893435,253600.0,2021-03-12T00:00:00
926,ADTN,18.52,19.059999,18.360001,18.940001,18.529341,340900.0,2021-03-15T00:00:00
927,ADTN,18.75,19.41,18.719999,19.23,18.813053,434900.0,2021-03-16T00:00:00
928,ADTN,19.01,19.110001,17.91,18.48,18.079311,314900.0,2021-03-17T00:00:00
929,ADTN,17.6,18.360001,17.549999,17.6,17.218393,196100.0,2021-03-18T00:00:00
930,ADTN,17.6,18.1,16.809999,17.860001,17.472755,875000.0,2021-03-19T00:00:00
931,ADTN,17.85,18.139999,17.32,17.74,17.35536,204000.0,2021-03-22T00:00:00
932,ADTN,17.6,17.82,16.5,16.59,16.230291,210800.0,2021-03-23T00:00:00
933,ADTN,16.889999,16.99,16.08,16.1,15.750917,223200.0,2021-03-24T00:00:00
934,ADTN,15.89,16.74,15.79,16.620001,16.259642,241600.0,2021-03-25T00:00:00
935,ADTN,16.83,17.4,16.709999,17.35,16.973816,248200.0,2021-03-26T00:00:00
936,ADTN,17.110001,17.35,15.95,16.190001,15.838966,474000.0,2021-03-29T00:00:00
937,ADTN,16.08,16.59,15.9,16.52,16.161812,145300.0,2021-03-30T00:00:00
938,ADTN,16.6,16.82,16.370001,16.68,16.318342,282500.0,2021-03-31T00:00:00
939,ADTN,16.91,17.25,16.82,17.18,16.807503,174500.0,2021-04-01T00:00:00
940,ADTN,17.309999,17.530001,17.07,17.34,16.964033,174800.0,2021-04-05T00:00:00
941,ADTN,17.389999,17.58,17.200001,17.32,16.944464,111400.0,2021-04-06T00:00:00
942,ADTN,17.84,18.620001,17.65,18.27,17.873867,388500.0,2021-04-07T00:00:00
943,ADTN,18.33,18.48,18.01,18.450001,18.049965,156000.0,2021-04-08T00:00:00
944,ADTN,18.27,18.379999,18.09,18.27,17.873867,129000.0,2021-04-09T00:00:00
945,ADTN,18.379999,18.67,18.18,18.610001,18.206495,182500.0,2021-04-12T00:00:00
946,ADTN,18.639999,18.639999,18.25,18.51,18.108665,126800.0,2021-04-13T00:00:00
947,ADTN,18.629999,18.860001,18.52,18.559999,18.157578,177800.0,2021-04-14T00:00:00
948,ADTN,18.67,18.67,18.040001,18.42,18.020617,114800.0,2021-04-15T00:00:00
949,ADTN,18.559999,18.719999,18.299999,18.459999,18.059746,150900.0,2021-04-16T00:00:00
950,ADTN,18.290001,18.379999,17.76,17.860001,17.472755,172200.0,2021-04-19T00:00:00
951,ADTN,17.860001,17.860001,17.0,17.26,16.885767,143700.0,2021-04-20T00:00:00
952,ADTN,17.280001,18.309999,17.110001,17.559999,17.179262,153800.0,2021-04-21T00:00:00
953,ADTN,17.51,17.6,17.02,17.190001,16.817284,211300.0,2021-04-22T00:00:00
954,ADTN,17.389999,17.83,17.139999,17.549999,17.169479,231800.0,2021-04-23T00:00:00
955,ADTN,17.559999,17.9,17.389999,17.790001,17.404276,111000.0,2021-04-26T00:00:00
956,ADTN,17.940001,18.0,17.530001,17.57,17.189045,102900.0,2021-04-27T00:00:00
957,ADTN,17.629999,17.98,17.6,17.65,17.267309,139400.0,2021-04-28T00:00:00
958,ADTN,17.860001,17.860001,17.370001,17.639999,17.257526,120700.0,2021-04-29T00:00:00
959,ADTN,17.389999,17.549999,17.0,17.09,16.719454,197700.0,2021-04-30T00:00:00
960,ADTN,17.299999,17.58,17.18,17.5,17.12056,302900.0,2021-05-03T00:00:00
961,ADTN,17.4,17.52,16.83,16.950001,16.582489,192900.0,2021-05-04T00:00:00
962,ADTN,17.02,17.370001,16.790001,17.27,16.89555,247000.0,2021-05-05T00:00:00
963,ADTN,17.549999,17.700001,17.18,17.59,17.208611,270400.0,2021-05-06T00:00:00
964,ADTN,17.959999,20.35,17.809999,19.93,19.497873,644500.0,2021-05-07T00:00:00
965,ADTN,19.93,20.16,19.370001,19.59,19.165247,382600.0,2021-05-10T00:00:00
966,ADTN,18.969999,19.76,18.709999,19.469999,19.047846,260000.0,2021-05-11T00:00:00
967,ADTN,19.309999,19.530001,18.389999,18.5,18.098879,310000.0,2021-05-12T00:00:00
968,ADTN,18.59,19.16,18.5,19.01,18.597824,134100.0,2021-05-13T00:00:00
969,ADTN,19.709999,20.35,19.25,20.049999,19.615271,357600.0,2021-05-14T00:00:00
970,ADTN,20.219999,20.49,19.780001,20.209999,19.771803,218100.0,2021-05-17T00:00:00
971,ADTN,19.35,20.18,19.35,19.52,19.096766,253800.0,2021-05-18T00:00:00
972,ADTN,19.02,19.620001,18.76,19.51,19.175392,192100.0,2021-05-19T00:00:00
973,ADTN,19.49,19.870001,19.23,19.809999,19.470245,126500.0,2021-05-20T00:00:00
974,ADTN,19.950001,20.049999,19.27,19.51,19.175392,119500.0,2021-05-21T00:00:00
975,ADTN,19.68,20.15,19.559999,19.940001,19.598017,209200.0,2021-05-24T00:00:00
976,ADTN,19.99,20.5,19.5,19.52,19.185223,156700.0,2021-05-25T00:00:00
977,ADTN,19.52,20.23,19.52,20.1,19.755276,159000.0,2021-05-26T00:00:00
978,ADTN,20.280001,20.6,20.049999,20.08,19.735617,231900.0,2021-05-27T00:00:00
979,ADTN,20.09,20.35,19.74,19.809999,19.470245,119500.0,2021-05-28T00:00:00
980,ADTN,19.99,20.370001,19.700001,20.09,19.745445,194700.0,2021-06-01T00:00:00
981,ADTN,20.18,20.200001,19.889999,20.08,19.735617,111500.0,2021-06-02T00:00:00
982,ADTN,20.030001,20.299999,19.76,20.120001,19.774933,215400.0,2021-06-03T00:00:00
983,ADTN,20.200001,20.540001,20.18,20.52,20.16807,206300.0,2021-06-04T00:00:00
984,ADTN,20.67,21.459999,20.620001,21.440001,21.07229,282500.0,2021-06-07T00:00:00
985,ADTN,20.879999,22.309999,20.879999,21.200001,20.836409,506200.0,2021-06-08T00:00:00
986,ADTN,21.190001,21.299999,20.690001,20.889999,20.531723,208400.0,2021-06-09T00:00:00
987,ADTN,20.91,20.98,20.51,20.93,20.571039,136200.0,2021-06-10T00:00:00
988,ADTN,21.040001,21.35,21.02,21.35,20.983835,76200.0,2021-06-11T00:00:00
989,ADTN,21.67,21.68,21.27,21.59,21.219719,230800.0,2021-06-14T00:00:00
990,ADTN,21.540001,21.790001,21.200001,21.43,21.062466,227000.0,2021-06-15T00:00:00
991,ADTN,21.43,21.48,20.99,21.34,20.974009,202200.0,2021-06-16T00:00:00
992,ADTN,21.17,21.610001,20.68,20.9,20.541552,159600.0,2021-06-17T00:00:00
993,ADTN,20.43,20.75,19.9,20.049999,19.706129,507800.0,2021-06-18T00:00:00
994,ADTN,20.290001,20.67,20.030001,20.5,20.148413,162700.0,2021-06-21T00:00:00
995,ADTN,20.440001,21.110001,20.040001,20.940001,20.580868,153800.0,2021-06-22T00:00:00
996,ADTN,20.950001,21.139999,20.65,20.709999,20.354809,129000.0,2021-06-23T00:00:00
997,ADTN,20.809999,21.09,20.620001,21.040001,20.679153,87200.0,2021-06-24T00:00:00
998,ADTN,21.18,21.719999,20.92,21.219999,20.856064,631900.0,2021-06-25T00:00:00
999,ADTN,21.219999,21.76,21.120001,21.629999,21.259031,348800.0,2021-06-28T00:00:00
1000,ADTN,21.629999,21.68,20.66,20.67,20.315496,182500.0,2021-06-29T00:00:00
1001,ADTN,20.58,21.07,20.26,20.65,20.295839,174900.0,2021-06-30T00:00:00
1002,ADTN,20.709999,20.82,20.33,20.709999,20.354809,115400.0,2021-07-01T00:00:00
1003,ADTN,20.940001,20.940001,20.209999,20.32,19.9715,129700.0,2021-07-02T00:00:00
1004,ADTN,20.540001,20.66,19.59,20.110001,19.765102,350300.0,2021-07-06T00:00:00
1005,ADTN,20.110001,20.43,19.219999,19.42,19.086935,270000.0,2021-07-07T00:00:00
1006,ADTN,18.93,19.33,18.24,19.18,18.851053,190300.0,2021-07-08T00:00:00
1007,ADTN,19.24,19.799999,19.209999,19.700001,19.362135,114900.0,2021-07-09T00:00:00
1008,ADTN,19.66,19.9,19.299999,19.48,19.145906,129500.0,2021-07-12T00:00:00
1009,ADTN,19.41,19.41,19.02,19.209999,18.880537,185500.0,2021-07-13T00:00:00
1010,ADTN,19.540001,20.040001,19.280001,19.67,19.332649,371900.0,2021-07-14T00:00:00
1011,ADTN,19.41,19.549999,18.98,19.15,18.821568,145900.0,2021-07-15T00:00:00
1012,ADTN,19.32,19.32,18.440001,18.459999,18.1434,151800.0,2021-07-16T00:00:00
1013,ADTN,18.01,19.200001,17.530001,19.190001,18.860882,479800.0,2021-07-19T00:00:00
1014,ADTN,19.309999,20.67,19.18,20.43,20.079615,517400.0,2021-07-20T00:00:00
1015,ADTN,20.26,21.469999,19.940001,21.43,21.062466,386100.0,2021-07-21T00:00:00
1016,ADTN,21.200001,21.43,20.27,21.290001,20.924866,438300.0,2021-07-22T00:00:00
1017,ADTN,21.370001,22.190001,21.32,22.15,21.770115,305100.0,2021-07-23T00:00:00
1018,ADTN,22.25,22.889999,22.16,22.76,22.369654,484500.0,2021-07-26T00:00:00
1019,ADTN,22.68,22.719999,22.049999,22.309999,21.92737,576300.0,2021-07-27T00:00:00
1020,ADTN,22.35,22.559999,21.700001,22.049999,21.671831,327400.0,2021-07-28T00:00:00
1021,ADTN,22.290001,22.809999,22.190001,22.6,22.212397,200300.0,2021-07-29T00:00:00
1022,ADTN,22.370001,22.59,22.08,22.41,22.025658,291200.0,2021-07-30T00:00:00
1023,ADTN,22.450001,22.629999,21.59,21.709999,21.33766,313300.0,2021-08-02T00:00:00
1024,ADTN,21.700001,22.25,21.280001,22.129999,21.750458,419400.0,2021-08-03T00:00:00
1025,ADTN,21.889999,22.41,21.73,21.99,21.612858,344900.0,2021-08-04T00:00:00
1026,ADTN,22.5,22.5,20.709999,21.700001,21.327831,559900.0,2021-08-05T00:00:00
1027,ADTN,22.450001,23.58,22.450001,23.530001,23.12645,579500.0,2021-08-06T00:00:00
1028,ADTN,23.629999,24.360001,23.379999,23.610001,23.205076,465600.0,2021-08-09T00:00:00
1029,ADTN,23.52,23.799999,23.209999,23.469999,23.067476,233600.0,2021-08-10T00:00:00
1030,ADTN,23.549999,23.549999,23.08,23.35,22.949533,237400.0,2021-08-11T00:00:00
1031,ADTN,23.42,23.48,22.92,23.440001,23.037992,252600.0,2021-08-12T00:00:00
1032,ADTN,23.459999,23.469999,23.01,23.41,23.008503,221700.0,2021-08-13T00:00:00
1033,ADTN,23.299999,23.91,23.030001,23.799999,23.391813,275100.0,2021-08-16T00:00:00
1034,ADTN,23.59,23.620001,22.969999,23.190001,22.79228,215500.0,2021-08-17T00:00:00
1035,ADTN,23.1,23.450001,22.870001,23.030001,22.723209,220000.0,2021-08-18T00:00:00
1036,ADTN,22.809999,23.280001,22.58,22.879999,22.575207,323000.0,2021-08-19T00:00:00
1037,ADTN,22.809999,22.959999,22.4,22.799999,22.496275,252800.0,2021-08-20T00:00:00
1038,ADTN,22.99,23.809999,22.99,23.48,23.167215,309300.0,2021-08-23T00:00:00
1039,ADTN,23.48,23.77,23.17,23.51,23.196817,215600.0,2021-08-24T00:00:00
1040,ADTN,23.540001,23.879999,23.459999,23.57,23.256018,234500.0,2021-08-25T00:00:00
1041,ADTN,23.629999,24.049999,23.389999,23.75,23.433619,207200.0,2021-08-26T00:00:00
1042,ADTN,23.74,24.76,23.709999,24.57,24.242695,340200.0,2021-08-27T00:00:00
1043,ADTN,22.98,22.98,20.389999,20.51,20.23678,2670800.0,2021-08-30T00:00:00
1044,ADTN,20.52,21.389999,20.299999,20.66,20.384781,1559200.0,2021-08-31T00:00:00
1045,ADTN,20.790001,21.18,20.25,20.709999,20.434114,786400.0,2021-09-01T00:00:00
1046,ADTN,20.879999,20.879999,20.35,20.719999,20.443983,611600.0,2021-09-02T00:00:00
1047,ADTN,20.700001,20.85,20.379999,20.549999,20.276247,312600.0,2021-09-03T00:00:00
1048,ADTN,20.42,20.530001,19.959999,20.08,19.812508,327900.0,2021-09-07T00:00:00
1049,ADTN,20.0,20.1,19.76,20.0,19.733574,364400.0,2021-09-08T00:00:00
1050,ADTN,20.030001,20.450001,19.799999,20.139999,19.87171,265900.0,2021-09-09T00:00:00
1051,ADTN,20.139999,20.15,19.559999,19.6,19.338902,220900.0,2021-09-10T00:00:00
1052,ADTN,19.799999,19.809999,19.360001,19.719999,19.457302,242000.0,2021-09-13T00:00:00
1053,ADTN,19.709999,19.85,19.040001,19.35,19.092234,404200.0,2021-09-14T00:00:00
1054,ADTN,19.309999,19.540001,18.91,19.530001,19.269836,324600.0,2021-09-15T00:00:00
1055,ADTN,19.389999,19.549999,19.17,19.440001,19.181034,201400.0,2021-09-16T00:00:00
1056,ADTN,19.34,19.5,18.790001,19.049999,18.796228,950800.0,2021-09-17T00:00:00
1057,ADTN,18.68,18.959999,18.34,18.940001,18.687696,360600.0,2021-09-20T00:00:00
1058,ADTN,18.969999,19.129999,18.6,18.67,18.421291,264800.0,2021-09-21T00:00:00
1059,ADTN,18.75,19.27,18.709999,19.02,18.766628,198200.0,2021-09-22T00:00:00
1060,ADTN,19.16,19.719999,19.16,19.52,19.25997,207400.0,2021-09-23T00:00:00
1061,ADTN,19.299999,19.68,19.120001,19.540001,19.279705,266600.0,2021-09-24T00:00:00
1062,ADTN,19.48,19.889999,19.459999,19.610001,19.34877,274400.0,2021-09-27T00:00:00
1063,ADTN,19.4,19.450001,18.52,18.549999,18.302889,492200.0,2021-09-28T00:00:00
1064,ADTN,18.66,18.73,18.309999,18.42,18.174622,487600.0,2021-09-29T00:00:00
1065,ADTN,18.52,18.84,18.25,18.76,18.510092,359800.0,2021-09-30T00:00:00
1066,ADTN,18.870001,19.02,18.379999,18.809999,18.559427,293300.0,2021-10-01T00:00:00
1067,ADTN,18.719999,18.73,18.360001,18.59,18.342358,191200.0,2021-10-04T00:00:00
1068,ADTN,18.629999,19.030001,18.559999,18.690001,18.441025,192200.0,2021-10-05T00:00:00
1069,ADTN,18.389999,18.950001,18.32,18.700001,18.450891,199800.0,2021-10-06T00:00:00
1070,ADTN,18.700001,19.290001,18.629999,19.02,18.766628,347300.0,2021-10-07T00:00:00
1071,ADTN,19.049999,19.360001,18.76,18.950001,18.697561,167700.0,2021-10-08T00:00:00
1072,ADTN,18.85,19.07,18.66,18.690001,18.441025,150200.0,2021-10-11T00:00:00
1073,ADTN,18.690001,19.02,18.59,18.83,18.579161,285500.0,2021-10-12T00:00:00
1074,ADTN,18.799999,19.110001,18.620001,18.77,18.51996,156900.0,2021-10-13T00:00:00
1075,ADTN,19.0,19.209999,18.75,19.1,18.845564,265600.0,2021-10-14T00:00:00
1076,ADTN,19.41,19.41,18.15,18.190001,17.947687,434800.0,2021-10-15T00:00:00
1077,ADTN,18.120001,18.549999,17.780001,18.190001,17.947687,476400.0,2021-10-18T00:00:00
1078,ADTN,17.93,18.040001,17.43,17.5,17.266876,376500.0,2021-10-19T00:00:00
1079,ADTN,17.67,18.16,17.530001,17.860001,17.622082,263900.0,2021-10-20T00:00:00
1080,ADTN,17.879999,18.1,17.639999,18.049999,17.809549,233000.0,2021-10-21T00:00:00
1081,ADTN,17.790001,17.969999,17.43,17.790001,17.553015,263300.0,2021-10-22T00:00:00
1082,ADTN,17.870001,18.040001,17.5,17.59,17.355679,532600.0,2021-10-25T00:00:00
1083,ADTN,17.68,18.01,17.530001,17.58,17.34581,520600.0,2021-10-26T00:00:00
1084,ADTN,17.59,18.09,17.59,18.0,17.760216,280600.0,2021-10-27T00:00:00
1085,ADTN,18.059999,18.33,18.059999,18.209999,17.967421,151500.0,2021-10-28T00:00:00
1086,ADTN,17.969999,18.639999,17.969999,18.48,18.233822,317900.0,2021-10-29T00:00:00
1087,ADTN,18.51,19.51,18.51,19.059999,18.806095,278400.0,2021-11-01T00:00:00
1088,ADTN,18.639999,20.1,18.639999,19.26,19.003433,474400.0,2021-11-02T00:00:00
1089,ADTN,19.309999,20.4,19.219999,20.27,19.999979,413900.0,2021-11-03T00:00:00
1090,ADTN,20.32,20.98,20.139999,20.639999,20.365047,489400.0,2021-11-04T00:00:00
1091,ADTN,20.74,21.370001,20.59,20.690001,20.414383,377000.0,2021-11-05T00:00:00
1092,ADTN,20.82,21.07,20.690001,20.75,20.473581,223300.0,2021-11-08T00:00:00
1093,ADTN,20.77,21.120001,20.719999,20.91,20.631453,270500.0,2021-11-09T00:00:00
1094,ADTN,20.690001,20.969999,20.27,20.309999,20.039446,255600.0,2021-11-10T00:00:00
1095,ADTN,20.4,20.879999,20.290001,20.77,20.493317,168700.0,2021-11-11T00:00:00
1096,ADTN,20.469999,21.34,20.469999,21.120001,20.838655,386900.0,2021-11-12T00:00:00
1097,ADTN,21.4,22.6,21.34,21.42,21.225105,474000.0,2021-11-15T00:00:00
1098,ADTN,21.24,21.66,20.969999,21.66,21.462923,507300.0,2021-11-16T00:00:00
1099,ADTN,21.629999,22.120001,21.440001,22.059999,21.859282,392000.0,2021-11-17T00:00:00
1100,ADTN,22.01,22.200001,21.67,21.860001,21.661104,530700.0,2021-11-18T00:00:00
1101,ADTN,21.639999,21.860001,21.370001,21.469999,21.274651,441000.0,2021-11-19T00:00:00
1102,ADTN,21.540001,22.049999,21.290001,21.639999,21.443104,194000.0,2021-11-22T00:00:00
1103,ADTN,21.549999,22.01,21.16,21.959999,21.760193,258900.0,2021-11-23T00:00:00
1104,ADTN,21.709999,21.75,21.35,21.549999,21.353922,301200.0,2021-11-24T00:00:00
1105,ADTN,21.02,21.129999,20.549999,20.6,20.412567,343500.0,2021-11-26T00:00:00
1106,ADTN,20.91,21.309999,20.629999,21.059999,20.868382,349900.0,2021-11-29T00:00:00
1107,ADTN,20.879999,21.059999,20.07,20.379999,20.194569,439000.0,2021-11-30T00:00:00
1108,ADTN,20.73,21.34,19.799999,19.82,19.639664,337600.0,2021-12-01T00:00:00
1109,ADTN,19.77,20.25,19.68,20.08,19.897299,295700.0,2021-12-02T00:00:00
1110,ADTN,20.200001,20.41,18.91,20.09,19.907207,276000.0,2021-12-03T00:00:00
1111,ADTN,20.17,20.65,19.9,20.559999,20.372931,487300.0,2021-12-06T00:00:00
1112,ADTN,20.860001,21.5,20.75,21.139999,20.947653,530600.0,2021-12-07T00:00:00
1113,ADTN,21.23,21.34,20.76,20.91,20.719748,404500.0,2021-12-08T00:00:00
1114,ADTN,20.91,21.530001,20.91,21.059999,20.868382,413000.0,2021-12-09T00:00:00
1115,ADTN,21.290001,21.43,20.469999,21.01,20.818836,279100.0,2021-12-10T00:00:00
1116,ADTN,20.92,21.09,20.379999,20.4,20.214386,299900.0,2021-12-13T00:00:00
1117,ADTN,20.290001,20.77,20.26,20.719999,20.531475,554700.0,2021-12-14T00:00:00
1118,ADTN,20.719999,21.4,20.440001,21.360001,21.165653,393100.0,2021-12-15T00:00:00
1119,ADTN,21.5,21.5,20.58,20.709999,20.521564,322700.0,2021-12-16T00:00:00
1120,ADTN,20.940001,21.700001,20.52,21.129999,20.937744,2259800.0,2021-12-17T00:00:00
1121,ADTN,20.799999,21.15,20.57,21.110001,20.917927,289000.0,2021-12-20T00:00:00
1122,ADTN,21.18,21.68,21.02,21.66,21.462923,388900.0,2021-12-21T00:00:00
1123,ADTN,21.690001,21.879999,21.379999,21.690001,21.492649,449000.0,2021-12-22T00:00:00
1124,ADTN,21.85,22.129999,21.77,22.01,21.809738,293600.0,2021-12-23T00:00:00
1125,ADTN,22.15,22.940001,22.120001,22.91,22.70155,297300.0,2021-12-27T00:00:00
1126,ADTN,22.959999,22.98,22.43,22.67,22.463734,193500.0,2021-12-28T00:00:00
1127,ADTN,22.690001,23.08,22.49,23.059999,22.850183,305800.0,2021-12-29T00:00:00
1128,ADTN,23.17,23.530001,22.870001,22.92,22.711458,254000.0,2021-12-30T00:00:00
1129,ADTN,22.9,23.129999,22.83,22.83,22.622276,322400.0,2021-12-31T00:00:00
1130,ADTN,22.93,23.360001,22.790001,22.969999,22.761003,453500.0,2022-01-03T00:00:00
1131,ADTN,22.91,22.91,21.6,21.889999,21.690828,908000.0,2022-01-04T00:00:00
1132,ADTN,21.9,22.17,21.52,21.559999,21.363832,476200.0,2022-01-05T00:00:00
1133,ADTN,21.49,21.58,20.940001,21.0,20.808928,553300.0,2022-01-06T00:00:00
1134,ADTN,20.9,21.34,20.139999,20.43,20.244114,515200.0,2022-01-07T00:00:00
1135,ADTN,20.200001,20.42,19.790001,20.360001,20.174751,480800.0,2022-01-10T00:00:00
1136,ADTN,20.360001,20.450001,19.870001,20.07,19.887388,540900.0,2022-01-11T00:00:00
1137,ADTN,20.040001,20.27,19.35,19.450001,19.273029,641900.0,2022-01-12T00:00:00
1138,ADTN,19.469999,19.799999,19.360001,19.48,19.302757,469100.0,2022-01-13T00:00:00
1139,ADTN,19.35,19.65,19.24,19.639999,19.4613,438400.0,2022-01-14T00:00:00
1140,ADTN,19.48,19.48,19.01,19.15,18.97576,441200.0,2022-01-18T00:00:00
1141,ADTN,19.01,19.01,18.0,18.09,17.925406,823900.0,2022-01-19T00:00:00
1142,ADTN,18.18,18.57,17.719999,17.76,17.598408,1079200.0,2022-01-20T00:00:00
1143,ADTN,17.700001,18.0,17.440001,17.440001,17.281321,853500.0,2022-01-21T00:00:00
1144,ADTN,17.25,18.17,17.1,18.09,17.925406,840400.0,2022-01-24T00:00:00
1145,ADTN,17.719999,18.940001,17.719999,18.610001,18.440674,995800.0,2022-01-25T00:00:00
1146,ADTN,18.66,19.23,18.5,18.809999,18.638853,1192500.0,2022-01-26T00:00:00
1147,ADTN,19.25,19.450001,17.59,17.709999,17.548861,633400.0,2022-01-27T00:00:00
1148,ADTN,17.719999,18.43,17.370001,18.4,18.232582,405100.0,2022-01-28T00:00:00
1149,ADTN,18.32,19.23,18.290001,19.209999,19.035213,649200.0,2022-01-31T00:00:00
1150,ADTN,19.209999,19.209999,18.709999,19.17,18.995577,490600.0,2022-02-01T00:00:00
1151,ADTN,19.290001,19.469999,18.709999,18.93,18.757761,707800.0,2022-02-02T00:00:00
1152,ADTN,19.5,20.799999,19.049999,20.08,19.897299,1337800.0,2022-02-03T00:00:00
1153,ADTN,20.280001,20.5,19.559999,20.1,19.917116,887700.0,2022-02-04T00:00:00
1154,ADTN,20.23,21.110001,20.08,20.76,20.571112,576600.0,2022-02-07T00:00:00
1155,ADTN,20.870001,21.440001,20.52,21.379999,21.185471,531500.0,2022-02-08T00:00:00
1156,ADTN,21.5,21.74,21.18,21.42,21.225105,533100.0,2022-02-09T00:00:00
1157,ADTN,21.059999,21.74,20.860001,20.99,20.799017,497200.0,2022-02-10T00:00:00
1158,ADTN,20.99,21.4,20.58,20.75,20.561201,343300.0,2022-02-11T00:00:00
1159,ADTN,20.73,20.99,20.379999,20.469999,20.283749,495900.0,2022-02-14T00:00:00
1160,ADTN,20.559999,21.370001,20.559999,21.18,20.987289,547000.0,2022-02-15T00:00:00
1161,ADTN,20.91,21.25,20.860001,21.190001,21.086803,225700.0,2022-02-16T00:00:00
1162,ADTN,21.01,21.040001,20.639999,20.66,20.559383,307600.0,2022-02-17T00:00:00
1163,ADTN,20.530001,20.92,20.5,20.700001,20.59919,342400.0,2022-02-18T00:00:00
1164,ADTN,20.65,20.85,20.34,20.530001,20.430017,279000.0,2022-02-22T00:00:00
1165,ADTN,20.639999,20.73,19.969999,20.09,19.992159,321000.0,2022-02-23T00:00:00
1166,ADTN,19.5,20.33,19.35,20.309999,20.211088,412000.0,2022-02-24T00:00:00
1167,ADTN,20.35,20.68,19.969999,20.65,20.549431,302600.0,2022-02-25T00:00:00
1168,ADTN,20.42,20.77,20.370001,20.59,20.489725,321500.0,2022-02-28T00:00:00
1169,ADTN,20.49,20.58,19.82,20.059999,19.962305,331700.0,2022-03-01T00:00:00
1170,ADTN,20.049999,20.59,20.049999,20.379999,20.280746,333200.0,2022-03-02T00:00:00
1171,ADTN,20.540001,20.59,19.940001,20.27,20.171284,468200.0,2022-03-03T00:00:00
1172,ADTN,20.0,20.1,19.540001,19.709999,19.61401,219700.0,2022-03-04T00:00:00
1173,ADTN,19.799999,19.809999,19.26,19.66,19.564253,578300.0,2022-03-07T00:00:00
1174,ADTN,19.73,20.42,19.18,19.290001,19.196056,392200.0,2022-03-08T00:00:00
1175,ADTN,19.700001,19.940001,19.4,19.799999,19.703571,268300.0,2022-03-09T00:00:00
1176,ADTN,19.58,20.02,19.389999,19.99,19.892647,231600.0,2022-03-10T00:00:00
1177,ADTN,20.0,20.209999,19.33,19.51,19.414984,293600.0,2022-03-11T00:00:00
1178,ADTN,19.48,19.6,19.02,19.120001,19.026884,256300.0,2022-03-14T00:00:00
1179,ADTN,19.23,19.459999,18.959999,19.450001,19.355276,333500.0,2022-03-15T00:00:00
1180,ADTN,19.74,19.860001,19.27,19.84,19.743378,464300.0,2022-03-16T00:00:00
1181,ADTN,19.82,20.049999,19.620001,19.879999,19.783182,418600.0,2022-03-17T00:00:00
1182,ADTN,19.950001,20.059999,19.610001,19.65,19.554302,1068400.0,2022-03-18T00:00:00
1183,ADTN,19.690001,20.120001,19.43,19.559999,19.464741,406300.0,2022-03-21T00:00:00
1184,ADTN,19.620001,19.82,19.370001,19.620001,19.524448,451600.0,2022-03-22T00:00:00
1185,ADTN,19.440001,19.5,18.860001,19.139999,19.046785,432400.0,2022-03-23T00:00:00
1186,ADTN,19.209999,19.32,18.950001,19.02,18.92737,315900.0,2022-03-24T00:00:00
1187,ADTN,19.059999,19.200001,18.83,18.940001,18.847761,459000.0,2022-03-25T00:00:00
1188,ADTN,18.83,19.27,18.700001,18.98,18.887566,397600.0,2022-03-28T00:00:00
1189,ADTN,19.219999,19.440001,18.950001,19.1,19.006981,496800.0,2022-03-29T00:00:00
1190,ADTN,18.99,19.27,18.299999,18.4,18.310389,417200.0,2022-03-30T00:00:00
1191,ADTN,18.4,18.68,18.389999,18.450001,18.360147,486400.0,2022-03-31T00:00:00
1192,ADTN,18.5,18.74,18.129999,18.4,18.310389,457400.0,2022-04-01T00:00:00
1193,ADTN,18.34,18.530001,18.110001,18.41,18.320341,390900.0,2022-04-04T00:00:00
1194,ADTN,18.51,18.68,18.110001,18.370001,18.280537,458900.0,2022-04-05T00:00:00
1195,ADTN,18.23,18.41,17.6,17.67,17.583944,359700.0,2022-04-06T00:00:00
1196,ADTN,17.77,17.969999,17.52,17.809999,17.723263,364400.0,2022-04-07T00:00:00
1197,ADTN,17.82,17.84,17.42,17.66,17.573994,377000.0,2022-04-08T00:00:00
1198,ADTN,17.51,17.76,17.41,17.43,17.345114,433300.0,2022-04-11T00:00:00
1199,ADTN,17.879999,18.51,17.65,17.700001,17.6138,613700.0,2022-04-12T00:00:00
1200,ADTN,17.75,18.129999,17.719999,18.0,17.912338,321100.0,2022-04-13T00:00:00
1201,ADTN,18.1,18.18,17.780001,17.809999,17.723263,232100.0,2022-04-14T00:00:00
1202,ADTN,17.73,18.0,17.440001,17.92,17.832727,191800.0,2022-04-18T00:00:00
1203,ADTN,17.9,18.25,17.83,18.07,17.981997,387500.0,2022-04-19T00:00:00
1204,ADTN,18.299999,18.559999,18.110001,18.35,18.260633,403500.0,2022-04-20T00:00:00
1205,ADTN,19.25,19.25,18.0,18.07,17.981997,338300.0,2022-04-21T00:00:00
1206,ADTN,17.950001,18.1,17.799999,17.889999,17.802874,349100.0,2022-04-22T00:00:00
1207,ADTN,17.780001,18.18,17.700001,18.139999,18.051655,344500.0,2022-04-25T00:00:00
1208,ADTN,18.07,18.27,17.549999,17.610001,17.524239,411700.0,2022-04-26T00:00:00
1209,ADTN,17.51,17.610001,17.120001,17.200001,17.116234,426900.0,2022-04-27T00:00:00
1210,ADTN,17.309999,17.809999,17.1,17.77,17.683458,204900.0,2022-04-28T00:00:00
1211,ADTN,17.700001,17.9,17.290001,17.389999,17.305307,319600.0,2022-04-29T00:00:00
1212,ADTN,17.389999,17.700001,17.309999,17.700001,17.6138,207100.0,2022-05-02T00:00:00
1213,ADTN,17.68,17.940001,17.530001,17.74,17.653605,420900.0,2022-05-03T00:00:00
1214,ADTN,17.75,17.82,17.129999,17.6,17.514286,441700.0,2022-05-04T00:00:00
1215,ADTN,17.6,17.6,16.299999,16.82,16.738085,840300.0,2022-05-05T00:00:00
1216,ADTN,16.889999,18.469999,16.67,18.34,18.250683,735600.0,2022-05-06T00:00:00
1217,ADTN,18.040001,18.57,17.360001,17.459999,17.374968,444700.0,2022-05-09T00:00:00
1218,ADTN,17.65,17.940001,17.08,17.610001,17.524239,631400.0,2022-05-10T00:00:00
1219,ADTN,17.52,18.02,17.32,17.51,17.424725,387700.0,2022-05-11T00:00:00
1220,ADTN,17.370001,17.49,16.709999,17.25,17.165991,359700.0,2022-05-12T00:00:00
1221,ADTN,17.469999,17.66,17.18,17.58,17.494383,420900.0,2022-05-13T00:00:00
1222,ADTN,17.43,17.59,17.219999,17.27,17.185894,269300.0,2022-05-16T00:00:00
1223,ADTN,17.58,18.5,17.58,18.48,18.389999,359800.0,2022-05-17T00:00:00
1224,ADTN,18.120001,18.440001,17.709999,17.940001,17.940001,385400.0,2022-05-18T00:00:00
1225,ADTN,17.49,18.110001,17.280001,17.99,17.99,392900.0,2022-05-19T00:00:00
1226,ADTN,18.25,18.42,17.49,18.1,18.1,343600.0,2022-05-20T00:00:00
1227,ADTN,18.290001,18.32,17.83,18.059999,18.059999,282200.0,2022-05-23T00:00:00
1228,ADTN,17.950001,18.09,17.620001,18.040001,18.040001,250800.0,2022-05-24T00:00:00
1229,ADTN,18.01,18.93,18.0,18.77,18.77,246200.0,2022-05-25T00:00:00
1230,ADTN,18.76,18.98,18.58,18.67,18.67,247700.0,2022-05-26T00:00:00
1231,ADTN,18.700001,18.98,18.559999,18.870001,18.870001,193100.0,2022-05-27T00:00:00
1232,ADTN,18.74,18.85,18.52,18.530001,18.530001,371300.0,2022-05-31T00:00:00
1233,ADTN,18.58,19.120001,18.559999,18.950001,18.950001,379400.0,2022-06-01T00:00:00
1234,ADTN,18.969999,19.790001,18.940001,19.690001,19.690001,349100.0,2022-06-02T00:00:00
1235,ADTN,19.83,19.85,19.07,19.299999,19.299999,504500.0,2022-06-03T00:00:00
1236,ADTN,19.370001,19.540001,18.98,19.26,19.26,236100.0,2022-06-06T00:00:00
1237,ADTN,19.08,19.360001,19.02,19.33,19.33,185200.0,2022-06-07T00:00:00
1238,ADTN,19.299999,19.440001,19.07,19.26,19.26,230200.0,2022-06-08T00:00:00
1239,ADTN,19.139999,19.33,18.940001,18.959999,18.959999,197200.0,2022-06-09T00:00:00
1240,ADTN,18.65,18.75,18.23,18.360001,18.360001,213600.0,2022-06-10T00:00:00
1241,ADTN,17.959999,18.219999,17.799999,17.98,17.98,345800.0,2022-06-13T00:00:00
1242,ADTN,18.049999,18.25,17.76,18.049999,18.049999,197800.0,2022-06-14T00:00:00
1243,ADTN,18.15,18.639999,18.049999,18.389999,18.389999,284000.0,2022-06-15T00:00:00
1244,ADTN,18.030001,18.049999,17.0,17.43,17.43,418600.0,2022-06-16T00:00:00
1245,ADTN,17.639999,18.24,17.49,17.73,17.73,708200.0,2022-06-17T00:00:00
1246,ADTN,18.040001,18.6,17.879999,18.5,18.5,235900.0,2022-06-21T00:00:00
1247,ADTN,18.309999,18.469999,17.540001,18.059999,18.059999,254300.0,2022-06-22T00:00:00
1248,ADTN,18.059999,18.120001,17.870001,17.99,17.99,317600.0,2022-06-23T00:00:00
1249,ADTN,18.17,18.709999,18.049999,18.469999,18.469999,1343500.0,2022-06-24T00:00:00
1250,ADTN,18.639999,18.73,18.41,18.6,18.6,186600.0,2022-06-27T00:00:00
1251,ADTN,18.68,18.969999,18.34,18.370001,18.370001,147800.0,2022-06-28T00:00:00
1252,ADTN,18.440001,18.530001,17.91,18.0,18.0,362200.0,2022-06-29T00:00:00
1253,ADTN,17.73,17.99,17.49,17.530001,17.530001,926600.0,2022-06-30T00:00:00
1254,ADTN,17.5,18.26,17.42,18.18,18.18,339900.0,2022-07-01T00:00:00
1255,ADTN,17.879999,18.18,17.370001,18.030001,18.030001,373100.0,2022-07-05T00:00:00
1256,ADTN,17.940001,18.959999,17.610001,18.809999,18.809999,917600.0,2022-07-06T00:00:00
